account_id,customer_id,account_type,balance,open_date,churned,status
ACC_00000001,CUST_000001,Checking,2002.3,2023-04-05,False,Active
ACC_00000002,CUST_000001,Savings,1183.08,2023-05-11,False,Suspended
ACC_00000003,CUST_000002,Investment,188.21,2025-09-10,True,Inactive
ACC_00000004,CUST_000003,Checking,2697.81,2023-04-27,True,Inactive
ACC_00000005,CUST_000003,Investment,3451.12,2023-07-26,False,Active
ACC_00000006,CUST_000004,Savings,6421.39,2025-03-09,False,Active
ACC_00000007,CUST_000005,Checking,1999.83,2025-11-11,False,Active
ACC_00000008,CUST_000006,Checking,2289.83,2024-12-20,False,Active
ACC_00000009,CUST_000007,Savings,378.48,2022-07-30,False,Active
ACC_00000010,CUST_000007,Checking,1026.01,2022-11-14,False,Suspended
ACC_00000011,CUST_000008,Savings,1281.1,2021-04-17,False,Active
ACC_00000012,CUST_000009,Checking,262.32,2020-11-15,False,Active
ACC_00000013,CUST_000010,Checking,1617.82,2022-05-07,False,Active
ACC_00000014,CUST_000011,Checking,3258.86,2022-12-05,False,Active
ACC_00000015,CUST_000011,Investment,2550.62,2022-11-25,False,Active
ACC_00000016,CUST_000012,Checking,111.73,2023-04-27,False,Active
ACC_00000017,CUST_000013,Savings,1615.99,2024-10-03,False,Active
ACC_00000018,CUST_000014,Savings,14104.57,2021-11-11,False,Active
ACC_00000019,CUST_000015,Savings,9248.38,2023-07-20,False,Suspended
ACC_00000020,CUST_000016,Savings,2368.56,2024-05-02,False,Active
ACC_00000021,CUST_000016,Checking,1361.7,2024-08-15,False,Active
ACC_00000022,CUST_000016,Checking,299.59,2024-08-03,False,Active
ACC_00000023,CUST_000017,Savings,5636.73,2022-03-24,False,Active
ACC_00000024,CUST_000018,Checking,98.77,2025-02-03,False,Active
ACC_00000025,CUST_000018,Checking,1292.4,2025-03-20,False,Active
ACC_00000026,CUST_000019,Checking,411.65,2023-02-06,False,Active
ACC_00000027,CUST_000020,Checking,2622.35,2021-02-23,False,Active
ACC_00000028,CUST_000021,Savings,5272.59,2021-09-11,False,Suspended
ACC_00000029,CUST_000022,Checking,1262.8,2023-03-03,False,Active
ACC_00000030,CUST_000023,Savings,591.17,2025-03-15,False,Active
ACC_00000031,CUST_000024,Savings,12099.46,2021-03-16,True,Inactive
ACC_00000032,CUST_000024,Savings,2669.13,2021-08-14,False,Active
ACC_00000033,CUST_000025,Savings,6452.31,2024-02-16,False,Active
ACC_00000034,CUST_000025,Checking,747.54,2024-02-19,False,Active
ACC_00000035,CUST_000025,Savings,9729.09,2024-03-04,False,Active
ACC_00000036,CUST_000026,Savings,88.54,2025-12-29,False,Active
ACC_00000037,CUST_000027,Savings,6.77,2024-11-01,False,Active
ACC_00000038,CUST_000028,Checking,1583.56,2025-06-19,False,Active
ACC_00000039,CUST_000028,Savings,2537.53,2025-10-21,False,Active
ACC_00000040,CUST_000029,Checking,1282.63,2024-09-05,False,Active
ACC_00000041,CUST_000029,Investment,5719.76,2024-09-14,False,Active
ACC_00000042,CUST_000029,Checking,1647.85,2024-05-26,False,Active
ACC_00000043,CUST_000030,Savings,4869.78,2023-03-16,False,Active
ACC_00000044,CUST_000031,Checking,4737.9,2024-12-10,False,Active
ACC_00000045,CUST_000031,Savings,12473.93,2024-11-02,False,Active
ACC_00000046,CUST_000031,Savings,796.76,2024-09-11,False,Active
ACC_00000047,CUST_000032,Savings,1797.08,2021-09-09,False,Suspended
ACC_00000048,CUST_000033,Checking,5280.6,2024-01-08,False,Active
ACC_00000049,CUST_000033,Savings,906.11,2024-01-23,False,Active
ACC_00000050,CUST_000033,Checking,294.68,2024-01-05,False,Active
ACC_00000051,CUST_000034,Investment,438.62,2025-04-06,False,Active
ACC_00000052,CUST_000035,Checking,494.66,2025-10-20,False,Active
ACC_00000053,CUST_000035,Savings,4868.85,2025-12-12,True,Inactive
ACC_00000054,CUST_000035,Checking,2634.45,2025-11-13,False,Suspended
ACC_00000055,CUST_000036,Investment,2831.94,2021-03-02,False,Active
ACC_00000056,CUST_000037,Savings,3064.61,2023-01-23,False,Active
ACC_00000057,CUST_000038,Savings,60.88,2022-03-21,False,Active
ACC_00000058,CUST_000038,Checking,3266.98,2022-06-25,False,Active
ACC_00000059,CUST_000039,Savings,2799.22,2025-11-29,False,Active
ACC_00000060,CUST_000039,Savings,11582.56,2026-01-02,False,Active
ACC_00000061,CUST_000040,Savings,5045.37,2021-07-14,False,Suspended
ACC_00000062,CUST_000041,Checking,883.6,2021-12-04,False,Active
ACC_00000063,CUST_000041,Checking,1074.35,2022-03-10,False,Active
ACC_00000064,CUST_000041,Investment,55.81,2022-01-14,False,Active
ACC_00000065,CUST_000042,Savings,10078.4,2023-10-25,False,Active
ACC_00000066,CUST_000043,Checking,1454.23,2024-08-16,False,Active
ACC_00000067,CUST_000044,Investment,3739.65,2022-02-23,False,Active
ACC_00000068,CUST_000045,Savings,1145.05,2024-01-17,False,Active
ACC_00000069,CUST_000046,Savings,369.08,2022-03-17,False,Active
ACC_00000070,CUST_000046,Savings,499.39,2022-02-04,False,Active
ACC_00000071,CUST_000047,Checking,2126.4,2021-04-07,False,Active
ACC_00000072,CUST_000047,Savings,1712.66,2021-05-19,True,Inactive
ACC_00000073,CUST_000048,Checking,0.02,2023-02-06,False,Active
ACC_00000074,CUST_000049,Savings,50.71,2023-09-18,False,Active
ACC_00000075,CUST_000050,Savings,6578.71,2024-08-25,False,Active
ACC_00000076,CUST_000051,Savings,1967.4,2023-09-24,False,Active
ACC_00000077,CUST_000052,Savings,38464.2,2021-02-25,False,Active
ACC_00000078,CUST_000053,Savings,2395.74,2023-03-08,False,Active
ACC_00000079,CUST_000054,Checking,626.26,2023-02-21,False,Active
ACC_00000080,CUST_000055,Checking,278.39,2025-05-31,True,Inactive
ACC_00000081,CUST_000055,Checking,1422.18,2025-03-27,False,Active
ACC_00000082,CUST_000055,Savings,993.45,2025-08-05,False,Suspended
ACC_00000083,CUST_000056,Checking,3956.53,2021-07-04,True,Inactive
ACC_00000084,CUST_000056,Savings,766.75,2021-06-23,False,Suspended
ACC_00000085,CUST_000057,Checking,2596.98,2025-06-25,False,Active
ACC_00000086,CUST_000057,Savings,3293.73,2025-04-11,False,Active
ACC_00000087,CUST_000058,Savings,9131.67,2022-06-30,False,Suspended
ACC_00000088,CUST_000059,Savings,6101.71,2022-06-02,False,Active
ACC_00000089,CUST_000060,Savings,1846.88,2021-08-27,False,Active
ACC_00000090,CUST_000061,Checking,1010.2,2022-05-23,False,Active
ACC_00000091,CUST_000061,Checking,1961.81,2022-01-22,False,Active
ACC_00000092,CUST_000062,Savings,4902.47,2025-07-27,False,Suspended
ACC_00000093,CUST_000062,Savings,5604.6,2025-08-06,False,Active
ACC_00000094,CUST_000063,Savings,2652.21,2023-09-29,False,Active
ACC_00000095,CUST_000064,Savings,7656.83,2023-06-29,True,Inactive
ACC_00000096,CUST_000065,Checking,149.69,2023-04-28,False,Suspended
ACC_00000097,CUST_000066,Checking,247.03,2023-05-06,False,Active
ACC_00000098,CUST_000066,Investment,786.84,2023-02-11,False,Suspended
ACC_00000099,CUST_000067,Checking,395.35,2023-09-25,False,Suspended
ACC_00000100,CUST_000068,Savings,4363.56,2021-12-06,False,Active
ACC_00000101,CUST_000069,Savings,3298.95,2025-03-08,False,Active
ACC_00000102,CUST_000070,Checking,160.21,2025-12-30,False,Active
ACC_00000103,CUST_000070,Savings,5950.31,2025-12-20,False,Active
ACC_00000104,CUST_000070,Savings,76.13,2025-10-01,False,Active
ACC_00000105,CUST_000071,Checking,1752.01,2023-11-24,False,Active
ACC_00000106,CUST_000072,Savings,2980.87,2021-12-31,False,Active
ACC_00000107,CUST_000073,Savings,4428.64,2021-01-04,False,Active
ACC_00000108,CUST_000073,Checking,974.26,2020-10-05,False,Active
ACC_00000109,CUST_000074,Savings,9156.71,2022-02-01,False,Active
ACC_00000110,CUST_000074,Checking,1378.47,2021-11-14,False,Active
ACC_00000111,CUST_000074,Checking,4919.62,2022-03-23,False,Active
ACC_00000112,CUST_000075,Savings,27946.41,2025-04-16,False,Active
ACC_00000113,CUST_000076,Checking,191.68,2023-05-03,False,Active
ACC_00000114,CUST_000077,Savings,2200.06,2024-02-08,False,Active
ACC_00000115,CUST_000077,Savings,3071.13,2023-12-22,False,Active
ACC_00000116,CUST_000077,Savings,15130.0,2024-03-07,False,Active
ACC_00000117,CUST_000078,Savings,7726.91,2025-02-11,False,Active
ACC_00000118,CUST_000079,Checking,141.83,2024-05-03,False,Active
ACC_00000119,CUST_000079,Savings,10019.57,2024-05-27,False,Active
ACC_00000120,CUST_000080,Savings,4974.6,2023-10-27,False,Active
ACC_00000121,CUST_000080,Savings,3828.86,2023-10-27,False,Active
ACC_00000122,CUST_000081,Savings,2934.21,2022-01-11,False,Active
ACC_00000123,CUST_000081,Savings,143.6,2022-05-16,False,Active
ACC_00000124,CUST_000082,Savings,868.75,2021-12-07,True,Inactive
ACC_00000125,CUST_000082,Savings,5456.49,2021-10-20,False,Active
ACC_00000126,CUST_000083,Savings,12922.16,2022-07-23,False,Active
ACC_00000127,CUST_000083,Savings,2183.15,2022-08-17,False,Active
ACC_00000128,CUST_000084,Checking,3086.9,2022-04-01,False,Active
ACC_00000129,CUST_000085,Checking,216.44,2025-04-15,True,Inactive
ACC_00000130,CUST_000085,Checking,858.15,2025-05-17,False,Active
ACC_00000131,CUST_000085,Checking,3914.65,2025-05-06,False,Active
ACC_00000132,CUST_000086,Checking,395.08,2022-08-21,False,Active
ACC_00000133,CUST_000087,Checking,3975.15,2022-08-08,False,Active
ACC_00000134,CUST_000088,Savings,2673.89,2025-10-27,False,Active
ACC_00000135,CUST_000089,Savings,1257.47,2025-03-07,False,Active
ACC_00000136,CUST_000090,Savings,2044.91,2025-07-03,False,Active
ACC_00000137,CUST_000091,Savings,2801.34,2025-05-16,False,Active
ACC_00000138,CUST_000092,Savings,1984.15,2021-12-27,False,Active
ACC_00000139,CUST_000092,Checking,245.23,2022-02-01,False,Suspended
ACC_00000140,CUST_000093,Investment,1436.05,2024-03-20,False,Active
ACC_00000141,CUST_000094,Checking,1086.94,2024-09-19,False,Active
ACC_00000142,CUST_000095,Checking,1980.02,2021-09-20,False,Active
ACC_00000143,CUST_000096,Checking,2793.81,2021-11-17,False,Active
ACC_00000144,CUST_000096,Savings,2029.54,2022-01-20,False,Active
ACC_00000145,CUST_000097,Savings,393.59,2021-10-30,False,Active
ACC_00000146,CUST_000097,Savings,1165.69,2022-02-13,False,Active
ACC_00000147,CUST_000098,Investment,137.77,2020-12-07,False,Active
ACC_00000148,CUST_000099,Investment,526.76,2025-01-17,True,Inactive
ACC_00000149,CUST_000100,Savings,6532.52,2023-09-14,True,Inactive
ACC_00000150,CUST_000101,Savings,6413.96,2023-08-14,False,Suspended
ACC_00000151,CUST_000102,Checking,3694.45,2024-02-03,True,Inactive
ACC_00000152,CUST_000103,Checking,1590.0,2022-03-26,False,Active
ACC_00000153,CUST_000103,Checking,1472.41,2021-12-25,False,Active
ACC_00000154,CUST_000104,Checking,1937.66,2024-06-21,False,Active
ACC_00000155,CUST_000105,Savings,863.91,2025-06-23,False,Active
ACC_00000156,CUST_000106,Checking,1729.33,2023-09-17,False,Active
ACC_00000157,CUST_000106,Checking,632.01,2023-07-25,False,Active
ACC_00000158,CUST_000107,Checking,4059.62,2022-06-23,False,Active
ACC_00000159,CUST_000108,Checking,965.12,2023-06-21,False,Suspended
ACC_00000160,CUST_000109,Checking,1523.93,2021-05-01,False,Active
ACC_00000161,CUST_000110,Checking,1243.94,2021-12-10,False,Active
ACC_00000162,CUST_000111,Checking,3374.15,2022-11-19,False,Suspended
ACC_00000163,CUST_000112,Checking,2755.37,2022-03-02,False,Active
ACC_00000164,CUST_000112,Savings,171.28,2022-02-18,False,Active
ACC_00000165,CUST_000113,Checking,3062.85,2021-12-30,False,Active
ACC_00000166,CUST_000113,Checking,1146.89,2022-01-20,False,Active
ACC_00000167,CUST_000114,Checking,139.25,2023-01-15,False,Suspended
ACC_00000168,CUST_000115,Checking,2243.3,2023-07-19,False,Active
ACC_00000169,CUST_000115,Savings,1914.39,2023-05-06,True,Inactive
ACC_00000170,CUST_000115,Savings,7656.33,2023-09-06,False,Active
ACC_00000171,CUST_000116,Savings,7227.11,2022-01-04,False,Active
ACC_00000172,CUST_000117,Checking,10.72,2022-06-04,False,Active
ACC_00000173,CUST_000118,Checking,9351.0,2022-02-01,False,Active
ACC_00000174,CUST_000119,Checking,1685.54,2021-07-16,False,Suspended
ACC_00000175,CUST_000120,Checking,475.59,2024-05-20,False,Active
ACC_00000176,CUST_000121,Savings,14061.37,2021-08-15,True,Inactive
ACC_00000177,CUST_000121,Savings,5616.36,2021-09-25,False,Active
ACC_00000178,CUST_000122,Checking,111.85,2021-06-15,False,Active
ACC_00000179,CUST_000122,Savings,849.24,2021-06-20,False,Active
ACC_00000180,CUST_000122,Savings,216.32,2021-10-09,False,Suspended
ACC_00000181,CUST_000123,Checking,50.57,2020-12-14,False,Active
ACC_00000182,CUST_000124,Investment,1535.46,2024-12-30,False,Active
ACC_00000183,CUST_000124,Checking,648.73,2024-11-06,True,Inactive
ACC_00000184,CUST_000125,Savings,4508.03,2024-09-14,True,Inactive
ACC_00000185,CUST_000125,Savings,441.78,2024-08-25,False,Active
ACC_00000186,CUST_000126,Checking,1392.61,2021-06-23,False,Active
ACC_00000187,CUST_000126,Checking,267.57,2021-06-26,True,Inactive
ACC_00000188,CUST_000127,Checking,7252.38,2022-04-29,False,Active
ACC_00000189,CUST_000127,Savings,2134.77,2022-06-13,False,Active
ACC_00000190,CUST_000128,Investment,177.89,2021-07-30,False,Active
ACC_00000191,CUST_000128,Savings,3221.32,2021-09-07,False,Active
ACC_00000192,CUST_000129,Savings,18073.83,2021-04-03,False,Active
ACC_00000193,CUST_000130,Savings,1161.38,2025-05-16,False,Active
ACC_00000194,CUST_000131,Savings,2182.43,2021-03-04,True,Inactive
ACC_00000195,CUST_000131,Savings,8278.03,2021-05-12,False,Active
ACC_00000196,CUST_000132,Savings,3313.46,2024-12-12,False,Active
ACC_00000197,CUST_000133,Savings,7583.29,2021-12-29,True,Inactive
ACC_00000198,CUST_000134,Savings,3345.54,2023-03-08,False,Suspended
ACC_00000199,CUST_000134,Savings,6279.6,2022-10-23,False,Active
ACC_00000200,CUST_000135,Investment,2182.49,2021-04-16,False,Active
ACC_00000201,CUST_000136,Investment,4405.83,2021-08-07,True,Inactive
ACC_00000202,CUST_000136,Checking,1273.03,2021-05-27,False,Active
ACC_00000203,CUST_000137,Checking,1044.46,2023-04-22,False,Active
ACC_00000204,CUST_000138,Savings,15125.27,2021-01-31,False,Active
ACC_00000205,CUST_000139,Checking,522.28,2021-07-23,False,Active
ACC_00000206,CUST_000140,Savings,9644.89,2021-10-30,False,Active
ACC_00000207,CUST_000141,Checking,672.93,2022-11-01,False,Active
ACC_00000208,CUST_000142,Savings,7990.82,2025-12-27,False,Active
ACC_00000209,CUST_000143,Checking,823.92,2022-06-23,False,Active
ACC_00000210,CUST_000143,Savings,10360.22,2022-09-06,False,Active
ACC_00000211,CUST_000144,Checking,1974.12,2022-06-05,False,Active
ACC_00000212,CUST_000144,Savings,492.35,2022-05-13,False,Suspended
ACC_00000213,CUST_000145,Checking,5167.84,2023-12-05,False,Active
ACC_00000214,CUST_000145,Savings,7147.59,2023-09-01,False,Active
ACC_00000215,CUST_000145,Checking,2435.35,2023-08-29,False,Active
ACC_00000216,CUST_000146,Savings,154.69,2021-04-15,True,Inactive
ACC_00000217,CUST_000146,Checking,514.28,2021-04-09,False,Active
ACC_00000218,CUST_000147,Savings,177.68,2021-11-05,False,Suspended
ACC_00000219,CUST_000148,Checking,2802.69,2021-11-23,False,Active
ACC_00000220,CUST_000148,Checking,4929.41,2022-03-30,False,Active
ACC_00000221,CUST_000148,Savings,8083.47,2022-03-09,False,Active
ACC_00000222,CUST_000149,Savings,5656.6,2023-03-23,False,Suspended
ACC_00000223,CUST_000149,Savings,1913.99,2023-02-20,True,Inactive
ACC_00000224,CUST_000150,Savings,1730.2,2025-12-21,False,Active
ACC_00000225,CUST_000151,Savings,4726.84,2023-12-29,False,Active
ACC_00000226,CUST_000151,Checking,1830.72,2023-10-11,False,Suspended
ACC_00000227,CUST_000151,Savings,3040.53,2023-10-01,False,Active
ACC_00000228,CUST_000152,Investment,747.58,2023-11-25,True,Inactive
ACC_00000229,CUST_000152,Savings,9470.1,2024-02-04,False,Active
ACC_00000230,CUST_000153,Savings,2330.13,2022-05-11,False,Active
ACC_00000231,CUST_000153,Savings,6191.66,2022-01-30,False,Suspended
ACC_00000232,CUST_000153,Savings,3480.94,2022-05-31,False,Active
ACC_00000233,CUST_000154,Checking,1724.98,2025-01-27,False,Active
ACC_00000234,CUST_000154,Investment,3066.86,2025-05-03,False,Active
ACC_00000235,CUST_000155,Savings,10796.19,2022-12-02,False,Active
ACC_00000236,CUST_000156,Savings,2899.61,2025-02-08,False,Active
ACC_00000237,CUST_000157,Checking,255.42,2025-10-19,False,Active
ACC_00000238,CUST_000158,Checking,1137.77,2021-04-09,False,Active
ACC_00000239,CUST_000159,Savings,1228.92,2021-09-21,False,Active
ACC_00000240,CUST_000160,Checking,4573.16,2025-12-05,False,Active
ACC_00000241,CUST_000161,Checking,220.64,2020-11-25,False,Active
ACC_00000242,CUST_000161,Checking,513.08,2020-11-29,False,Active
ACC_00000243,CUST_000162,Checking,1519.82,2025-05-04,False,Active
ACC_00000244,CUST_000163,Checking,565.37,2022-10-24,False,Active
ACC_00000245,CUST_000163,Checking,549.06,2022-12-03,True,Inactive
ACC_00000246,CUST_000164,Checking,1224.72,2022-05-16,False,Active
ACC_00000247,CUST_000165,Checking,4560.54,2023-03-31,False,Active
ACC_00000248,CUST_000166,Savings,8192.13,2022-02-20,False,Active
ACC_00000249,CUST_000167,Savings,12203.06,2025-08-24,False,Active
ACC_00000250,CUST_000167,Checking,3470.27,2025-04-10,False,Active
ACC_00000251,CUST_000168,Savings,5684.67,2020-10-29,False,Active
ACC_00000252,CUST_000169,Savings,2619.12,2021-08-19,False,Suspended
ACC_00000253,CUST_000170,Checking,141.81,2022-10-20,False,Active
ACC_00000254,CUST_000171,Savings,5910.0,2025-05-14,False,Active
ACC_00000255,CUST_000171,Savings,8968.13,2025-03-16,False,Active
ACC_00000256,CUST_000172,Investment,1174.39,2025-02-12,False,Active
ACC_00000257,CUST_000172,Checking,145.37,2024-11-08,False,Active
ACC_00000258,CUST_000173,Savings,1242.88,2024-01-05,False,Active
ACC_00000259,CUST_000173,Savings,3490.07,2024-03-20,False,Active
ACC_00000260,CUST_000173,Checking,103.04,2024-01-17,False,Active
ACC_00000261,CUST_000174,Savings,6979.66,2022-08-10,True,Inactive
ACC_00000262,CUST_000174,Checking,1015.75,2022-06-23,False,Active
ACC_00000263,CUST_000175,Checking,3724.35,2024-08-31,False,Suspended
ACC_00000264,CUST_000175,Savings,9296.31,2024-10-30,False,Active
ACC_00000265,CUST_000176,Savings,10786.16,2021-09-23,False,Active
ACC_00000266,CUST_000176,Checking,784.15,2021-10-07,False,Active
ACC_00000267,CUST_000176,Checking,3273.93,2021-08-09,True,Inactive
ACC_00000268,CUST_000177,Checking,1211.75,2022-03-06,False,Active
ACC_00000269,CUST_000178,Savings,1815.57,2023-11-07,False,Active
ACC_00000270,CUST_000179,Savings,3953.34,2023-12-11,False,Active
ACC_00000271,CUST_000180,Savings,7977.95,2024-05-25,False,Active
ACC_00000272,CUST_000181,Savings,2044.53,2022-06-25,False,Active
ACC_00000273,CUST_000182,Investment,291.11,2025-05-08,False,Suspended
ACC_00000274,CUST_000182,Savings,259.74,2025-03-18,False,Active
ACC_00000275,CUST_000183,Checking,5865.74,2022-11-11,False,Active
ACC_00000276,CUST_000183,Checking,905.47,2022-12-05,False,Active
ACC_00000277,CUST_000184,Checking,633.51,2024-02-13,True,Inactive
ACC_00000278,CUST_000185,Savings,489.15,2021-12-23,False,Active
ACC_00000279,CUST_000186,Savings,8499.69,2023-06-30,True,Inactive
ACC_00000280,CUST_000187,Savings,4923.61,2021-12-17,True,Inactive
ACC_00000281,CUST_000188,Checking,105.31,2024-12-07,False,Active
ACC_00000282,CUST_000189,Checking,1609.33,2021-11-10,False,Active
ACC_00000283,CUST_000190,Checking,2647.81,2025-03-23,False,Active
ACC_00000284,CUST_000190,Checking,116.7,2025-04-29,False,Active
ACC_00000285,CUST_000190,Checking,566.11,2025-05-17,False,Active
ACC_00000286,CUST_000191,Savings,1306.78,2022-03-11,False,Active
ACC_00000287,CUST_000191,Checking,304.22,2021-11-16,False,Active
ACC_00000288,CUST_000192,Checking,894.06,2025-01-13,False,Active
ACC_00000289,CUST_000193,Savings,22292.81,2024-02-09,False,Active
ACC_00000290,CUST_000193,Checking,1414.83,2024-02-21,False,Active
ACC_00000291,CUST_000193,Checking,1059.31,2024-01-23,False,Active
ACC_00000292,CUST_000194,Checking,47.63,2023-07-09,False,Active
ACC_00000293,CUST_000195,Checking,32.67,2025-07-04,False,Active
ACC_00000294,CUST_000196,Savings,5279.1,2021-04-08,False,Active
ACC_00000295,CUST_000197,Savings,1697.2,2021-06-20,False,Active
ACC_00000296,CUST_000198,Checking,1804.0,2023-07-23,False,Active
ACC_00000297,CUST_000199,Savings,7317.63,2025-03-04,False,Suspended
ACC_00000298,CUST_000200,Checking,2112.46,2021-09-29,True,Inactive
ACC_00000299,CUST_000201,Checking,3786.87,2024-03-13,True,Inactive
ACC_00000300,CUST_000202,Savings,4508.76,2023-01-29,False,Active
ACC_00000301,CUST_000202,Savings,425.6,2023-07-12,True,Inactive
ACC_00000302,CUST_000202,Checking,1111.64,2023-05-21,False,Active
ACC_00000303,CUST_000203,Checking,1014.61,2024-07-23,False,Active
ACC_00000304,CUST_000203,Checking,1387.41,2024-11-23,False,Active
ACC_00000305,CUST_000204,Checking,3975.68,2023-09-12,True,Inactive
ACC_00000306,CUST_000205,Savings,3727.16,2024-08-17,False,Active
ACC_00000307,CUST_000205,Savings,9086.34,2024-10-24,False,Active
ACC_00000308,CUST_000206,Savings,1228.81,2022-12-17,False,Active
ACC_00000309,CUST_000207,Checking,781.74,2025-07-31,False,Active
ACC_00000310,CUST_000208,Savings,8904.64,2024-03-20,False,Active
ACC_00000311,CUST_000209,Checking,3026.63,2023-04-27,False,Active
ACC_00000312,CUST_000210,Checking,320.85,2024-05-11,False,Suspended
ACC_00000313,CUST_000211,Checking,177.79,2022-08-28,False,Active
ACC_00000314,CUST_000212,Savings,2470.66,2021-07-30,False,Active
ACC_00000315,CUST_000212,Savings,21845.02,2021-06-19,False,Active
ACC_00000316,CUST_000212,Savings,11096.65,2021-07-28,False,Active
ACC_00000317,CUST_000213,Checking,2292.61,2024-10-03,False,Active
ACC_00000318,CUST_000214,Checking,254.67,2024-01-21,False,Active
ACC_00000319,CUST_000214,Savings,26185.33,2024-03-25,False,Active
ACC_00000320,CUST_000215,Savings,3386.91,2022-06-16,False,Active
ACC_00000321,CUST_000215,Savings,16549.47,2022-06-22,False,Active
ACC_00000322,CUST_000216,Savings,293.59,2020-11-05,False,Active
ACC_00000323,CUST_000217,Savings,1752.51,2024-11-04,True,Inactive
ACC_00000324,CUST_000218,Checking,581.54,2021-11-01,False,Active
ACC_00000325,CUST_000219,Checking,2620.31,2024-05-01,True,Inactive
ACC_00000326,CUST_000219,Investment,11347.86,2024-05-21,False,Active
ACC_00000327,CUST_000220,Investment,42.31,2024-08-06,False,Suspended
ACC_00000328,CUST_000221,Savings,16988.15,2025-02-01,False,Active
ACC_00000329,CUST_000221,Savings,2657.52,2025-07-20,True,Inactive
ACC_00000330,CUST_000222,Investment,949.11,2021-07-03,False,Active
ACC_00000331,CUST_000223,Savings,3458.77,2022-01-29,False,Active
ACC_00000332,CUST_000224,Investment,0.37,2021-12-24,False,Active
ACC_00000333,CUST_000225,Savings,2680.38,2024-01-04,False,Suspended
ACC_00000334,CUST_000226,Savings,4604.09,2024-05-19,True,Inactive
ACC_00000335,CUST_000227,Savings,886.9,2021-12-10,True,Inactive
ACC_00000336,CUST_000227,Checking,2395.97,2021-07-05,False,Active
ACC_00000337,CUST_000228,Checking,847.71,2022-03-02,False,Active
ACC_00000338,CUST_000228,Checking,4772.34,2022-06-20,False,Active
ACC_00000339,CUST_000229,Checking,928.99,2021-08-20,True,Inactive
ACC_00000340,CUST_000230,Checking,1766.79,2024-02-02,False,Active
ACC_00000341,CUST_000230,Checking,4948.84,2023-10-29,False,Active
ACC_00000342,CUST_000230,Investment,265.57,2023-12-22,False,Active
ACC_00000343,CUST_000231,Savings,2599.52,2022-08-08,False,Suspended
ACC_00000344,CUST_000231,Savings,11272.08,2022-05-11,False,Active
ACC_00000345,CUST_000232,Savings,8420.45,2023-12-15,False,Active
ACC_00000346,CUST_000232,Checking,48.81,2023-12-26,True,Inactive
ACC_00000347,CUST_000232,Checking,4653.82,2023-12-20,False,Active
ACC_00000348,CUST_000233,Checking,3501.32,2022-08-24,False,Active
ACC_00000349,CUST_000234,Investment,1255.15,2024-04-21,False,Suspended
ACC_00000350,CUST_000235,Checking,498.17,2022-01-01,False,Active
ACC_00000351,CUST_000236,Checking,3099.91,2022-10-04,False,Active
ACC_00000352,CUST_000236,Checking,166.99,2023-01-16,True,Inactive
ACC_00000353,CUST_000237,Checking,559.86,2024-05-04,True,Inactive
ACC_00000354,CUST_000238,Checking,1320.56,2025-04-01,False,Active
ACC_00000355,CUST_000239,Savings,130.74,2023-05-17,False,Active
ACC_00000356,CUST_000240,Checking,6427.33,2025-10-10,True,Inactive
ACC_00000357,CUST_000240,Savings,1024.53,2025-12-30,False,Active
ACC_00000358,CUST_000241,Checking,1211.29,2023-04-07,True,Inactive
ACC_00000359,CUST_000242,Savings,657.86,2024-05-05,False,Active
ACC_00000360,CUST_000243,Checking,2609.7,2023-09-24,True,Inactive
ACC_00000361,CUST_000244,Checking,159.73,2024-11-07,False,Active
ACC_00000362,CUST_000245,Savings,2684.5,2024-04-04,False,Active
ACC_00000363,CUST_000246,Checking,2608.74,2025-03-27,True,Inactive
ACC_00000364,CUST_000246,Savings,928.66,2025-02-27,False,Active
ACC_00000365,CUST_000246,Checking,1583.41,2025-01-24,False,Active
ACC_00000366,CUST_000247,Checking,2085.17,2025-05-20,False,Active
ACC_00000367,CUST_000248,Checking,508.9,2023-02-22,False,Active
ACC_00000368,CUST_000248,Savings,1083.16,2023-03-19,False,Active
ACC_00000369,CUST_000249,Checking,3260.97,2022-03-25,True,Inactive
ACC_00000370,CUST_000250,Savings,2687.72,2024-09-19,False,Active
ACC_00000371,CUST_000250,Checking,122.0,2024-07-29,False,Active
ACC_00000372,CUST_000251,Savings,14906.5,2021-10-13,False,Active
ACC_00000373,CUST_000252,Savings,1803.63,2021-11-28,False,Active
ACC_00000374,CUST_000253,Checking,1714.13,2023-03-04,False,Active
ACC_00000375,CUST_000254,Savings,6779.24,2025-04-03,False,Active
ACC_00000376,CUST_000255,Checking,802.63,2025-02-27,False,Active
ACC_00000377,CUST_000256,Savings,2903.91,2023-01-01,False,Active
ACC_00000378,CUST_000257,Checking,679.87,2021-11-21,False,Active
ACC_00000379,CUST_000258,Savings,4395.31,2021-05-06,True,Inactive
ACC_00000380,CUST_000258,Checking,125.67,2020-12-08,False,Active
ACC_00000381,CUST_000259,Checking,4537.81,2021-11-24,True,Inactive
ACC_00000382,CUST_000260,Checking,4426.56,2021-06-26,False,Active
ACC_00000383,CUST_000260,Savings,1476.85,2021-03-13,False,Active
ACC_00000384,CUST_000261,Savings,1829.41,2021-07-21,False,Active
ACC_00000385,CUST_000262,Checking,390.39,2024-12-14,False,Active
ACC_00000386,CUST_000263,Savings,2556.74,2021-01-22,False,Active
ACC_00000387,CUST_000264,Savings,1737.41,2022-03-14,False,Active
ACC_00000388,CUST_000264,Checking,2172.78,2022-05-16,False,Active
ACC_00000389,CUST_000265,Investment,2547.06,2024-02-23,True,Inactive
ACC_00000390,CUST_000265,Checking,770.57,2023-11-29,True,Inactive
ACC_00000391,CUST_000265,Savings,11676.76,2024-01-01,False,Active
ACC_00000392,CUST_000266,Savings,7094.92,2023-07-22,False,Active
ACC_00000393,CUST_000266,Investment,1937.12,2023-08-03,False,Suspended
ACC_00000394,CUST_000267,Checking,2903.66,2022-03-05,False,Active
ACC_00000395,CUST_000268,Savings,16792.07,2023-07-17,False,Active
ACC_00000396,CUST_000269,Savings,2788.42,2021-10-10,False,Active
ACC_00000397,CUST_000270,Savings,3705.46,2021-06-14,False,Suspended
ACC_00000398,CUST_000271,Checking,4545.96,2025-02-03,False,Suspended
ACC_00000399,CUST_000272,Savings,322.33,2025-02-14,False,Active
ACC_00000400,CUST_000273,Checking,1329.69,2024-08-22,False,Active
ACC_00000401,CUST_000274,Checking,317.28,2022-10-07,True,Inactive
ACC_00000402,CUST_000274,Checking,795.47,2022-07-28,False,Active
ACC_00000403,CUST_000275,Savings,329.02,2023-05-03,False,Active
ACC_00000404,CUST_000276,Savings,5428.19,2025-01-10,False,Suspended
ACC_00000405,CUST_000276,Savings,9777.51,2025-03-29,False,Active
ACC_00000406,CUST_000276,Savings,5204.13,2024-12-17,False,Active
ACC_00000407,CUST_000277,Checking,1290.53,2025-04-10,False,Active
ACC_00000408,CUST_000278,Checking,1027.64,2025-05-18,False,Active
ACC_00000409,CUST_000278,Savings,8821.96,2024-12-07,False,Active
ACC_00000410,CUST_000279,Checking,2388.2,2023-04-17,True,Inactive
ACC_00000411,CUST_000279,Savings,749.74,2023-01-30,False,Active
ACC_00000412,CUST_000280,Investment,2273.64,2025-05-06,False,Active
ACC_00000413,CUST_000281,Checking,283.79,2023-10-26,False,Suspended
ACC_00000414,CUST_000281,Investment,500.82,2023-08-25,False,Active
ACC_00000415,CUST_000282,Checking,1162.01,2025-08-31,True,Inactive
ACC_00000416,CUST_000283,Savings,2527.16,2025-08-21,True,Inactive
ACC_00000417,CUST_000284,Checking,1072.78,2021-01-05,False,Active
ACC_00000418,CUST_000284,Checking,3837.95,2021-02-17,False,Active
ACC_00000419,CUST_000285,Checking,1438.47,2021-02-27,False,Suspended
ACC_00000420,CUST_000286,Investment,846.29,2024-07-31,False,Active
ACC_00000421,CUST_000287,Savings,4035.2,2021-11-18,False,Active
ACC_00000422,CUST_000287,Savings,641.23,2021-12-12,False,Active
ACC_00000423,CUST_000288,Checking,735.48,2024-03-27,False,Active
ACC_00000424,CUST_000289,Checking,234.42,2024-08-26,True,Inactive
ACC_00000425,CUST_000289,Savings,6936.69,2024-08-12,False,Active
ACC_00000426,CUST_000290,Checking,2320.0,2023-10-10,False,Active
ACC_00000427,CUST_000291,Savings,3828.23,2024-01-07,False,Active
ACC_00000428,CUST_000291,Checking,655.47,2024-01-08,False,Active
ACC_00000429,CUST_000292,Checking,848.01,2024-11-15,False,Active
ACC_00000430,CUST_000293,Savings,8787.48,2024-12-30,False,Suspended
ACC_00000431,CUST_000293,Savings,3856.46,2024-10-08,False,Active
ACC_00000432,CUST_000294,Savings,2887.03,2021-04-13,False,Active
ACC_00000433,CUST_000295,Investment,124.23,2021-03-31,False,Active
ACC_00000434,CUST_000296,Checking,261.35,2022-04-16,False,Active
ACC_00000435,CUST_000297,Checking,87.36,2025-08-07,False,Active
ACC_00000436,CUST_000298,Savings,9817.91,2023-07-19,False,Active
ACC_00000437,CUST_000298,Checking,2934.51,2023-05-31,False,Active
ACC_00000438,CUST_000298,Checking,7905.04,2023-05-28,False,Active
ACC_00000439,CUST_000299,Checking,1179.21,2022-04-16,False,Active
ACC_00000440,CUST_000299,Savings,3499.3,2022-03-21,False,Active
ACC_00000441,CUST_000299,Checking,251.63,2022-03-09,True,Inactive
ACC_00000442,CUST_000300,Savings,203.13,2025-03-26,False,Active
ACC_00000443,CUST_000301,Checking,2405.26,2024-06-12,False,Suspended
ACC_00000444,CUST_000301,Savings,7209.37,2024-07-24,False,Active
ACC_00000445,CUST_000301,Savings,3251.96,2024-05-23,False,Active
ACC_00000446,CUST_000302,Investment,4993.49,2021-10-13,False,Active
ACC_00000447,CUST_000303,Checking,1650.45,2023-04-22,False,Active
ACC_00000448,CUST_000303,Checking,3368.15,2023-08-20,False,Active
ACC_00000449,CUST_000303,Investment,2144.52,2023-06-06,False,Active
ACC_00000450,CUST_000304,Savings,8686.29,2024-02-12,False,Active
ACC_00000451,CUST_000304,Savings,581.9,2023-12-23,False,Active
ACC_00000452,CUST_000305,Checking,759.89,2024-12-24,False,Active
ACC_00000453,CUST_000306,Savings,3942.68,2021-11-11,False,Active
ACC_00000454,CUST_000307,Savings,3306.89,2025-08-22,False,Active
ACC_00000455,CUST_000307,Savings,4224.61,2025-09-23,False,Active
ACC_00000456,CUST_000307,Checking,4316.6,2025-11-20,True,Inactive
ACC_00000457,CUST_000308,Checking,717.53,2024-12-05,False,Active
ACC_00000458,CUST_000308,Checking,827.47,2025-01-11,False,Active
ACC_00000459,CUST_000309,Savings,1884.71,2025-10-07,False,Active
ACC_00000460,CUST_000310,Investment,1102.5,2025-08-22,False,Active
ACC_00000461,CUST_000310,Checking,422.27,2025-05-02,False,Active
ACC_00000462,CUST_000311,Savings,6456.94,2025-08-19,False,Active
ACC_00000463,CUST_000312,Investment,1952.14,2024-10-02,False,Active
ACC_00000464,CUST_000312,Checking,1181.02,2024-09-11,False,Active
ACC_00000465,CUST_000313,Checking,883.17,2025-01-27,False,Active
ACC_00000466,CUST_000314,Savings,4537.08,2025-11-08,False,Active
ACC_00000467,CUST_000315,Investment,2511.41,2021-12-19,False,Active
ACC_00000468,CUST_000316,Checking,2457.07,2025-04-15,False,Active
ACC_00000469,CUST_000316,Savings,4.72,2025-02-14,True,Inactive
ACC_00000470,CUST_000317,Savings,2452.63,2021-03-28,False,Active
ACC_00000471,CUST_000318,Checking,2627.95,2024-02-21,False,Active
ACC_00000472,CUST_000318,Savings,13801.29,2024-04-29,False,Active
ACC_00000473,CUST_000319,Checking,1904.53,2023-03-12,False,Active
ACC_00000474,CUST_000320,Savings,10187.65,2025-02-17,True,Inactive
ACC_00000475,CUST_000320,Savings,5703.18,2025-03-25,False,Active
ACC_00000476,CUST_000321,Checking,2017.49,2024-02-06,False,Active
ACC_00000477,CUST_000321,Checking,3622.26,2024-04-19,False,Active
ACC_00000478,CUST_000322,Investment,2540.55,2024-01-06,False,Active
ACC_00000479,CUST_000323,Checking,213.79,2023-05-14,False,Active
ACC_00000480,CUST_000324,Checking,2488.05,2023-09-09,False,Active
ACC_00000481,CUST_000325,Checking,1791.59,2021-07-11,False,Active
ACC_00000482,CUST_000325,Savings,1430.54,2021-02-27,False,Active
ACC_00000483,CUST_000325,Checking,440.19,2021-06-17,False,Active
ACC_00000484,CUST_000326,Checking,1151.5,2021-02-08,False,Active
ACC_00000485,CUST_000327,Investment,1395.8,2021-05-15,False,Active
ACC_00000486,CUST_000327,Checking,759.59,2021-03-21,False,Active
ACC_00000487,CUST_000327,Checking,2699.26,2021-06-07,False,Active
ACC_00000488,CUST_000328,Savings,1651.91,2021-10-30,False,Active
ACC_00000489,CUST_000329,Savings,9084.54,2023-11-18,True,Inactive
ACC_00000490,CUST_000330,Checking,949.61,2023-09-02,False,Active
ACC_00000491,CUST_000331,Savings,2413.48,2025-09-07,True,Inactive
ACC_00000492,CUST_000332,Checking,608.73,2021-04-20,False,Active
ACC_00000493,CUST_000333,Savings,5303.5,2023-10-11,False,Active
ACC_00000494,CUST_000333,Savings,2589.6,2024-01-08,False,Suspended
ACC_00000495,CUST_000334,Checking,2413.73,2024-01-21,False,Active
ACC_00000496,CUST_000334,Savings,1124.88,2024-01-07,False,Active
ACC_00000497,CUST_000335,Savings,943.18,2021-10-07,False,Active
ACC_00000498,CUST_000336,Savings,9554.35,2024-08-11,True,Inactive
ACC_00000499,CUST_000337,Investment,2720.75,2023-10-17,False,Active
ACC_00000500,CUST_000337,Savings,5746.07,2023-08-22,False,Active
ACC_00000501,CUST_000338,Checking,3239.36,2023-09-18,False,Active
ACC_00000502,CUST_000339,Checking,281.49,2024-08-15,False,Active
ACC_00000503,CUST_000339,Checking,1029.58,2024-05-28,False,Active
ACC_00000504,CUST_000340,Savings,1279.56,2023-09-10,False,Suspended
ACC_00000505,CUST_000340,Savings,1455.31,2024-01-30,False,Suspended
ACC_00000506,CUST_000341,Investment,3647.85,2021-07-19,True,Inactive
ACC_00000507,CUST_000342,Savings,8481.93,2022-12-22,True,Inactive
ACC_00000508,CUST_000343,Investment,981.96,2022-11-22,True,Inactive
ACC_00000509,CUST_000344,Savings,2946.41,2022-12-04,False,Active
ACC_00000510,CUST_000344,Investment,644.73,2022-09-19,False,Active
ACC_00000511,CUST_000344,Investment,11997.49,2023-02-04,False,Active
ACC_00000512,CUST_000345,Savings,1661.76,2023-09-02,False,Suspended
ACC_00000513,CUST_000346,Savings,2597.22,2021-08-15,False,Active
ACC_00000514,CUST_000347,Savings,14752.47,2021-05-12,False,Active
ACC_00000515,CUST_000347,Checking,1343.66,2021-08-30,False,Active
ACC_00000516,CUST_000348,Savings,1707.13,2023-03-25,False,Active
ACC_00000517,CUST_000348,Savings,295.52,2023-09-03,False,Active
ACC_00000518,CUST_000348,Savings,2069.59,2023-08-22,False,Active
ACC_00000519,CUST_000349,Checking,14.76,2021-12-13,True,Inactive
ACC_00000520,CUST_000350,Investment,1092.0,2023-10-09,False,Active
ACC_00000521,CUST_000351,Checking,2527.18,2022-02-24,False,Active
ACC_00000522,CUST_000352,Investment,2389.14,2021-01-13,False,Suspended
ACC_00000523,CUST_000353,Savings,154.44,2025-06-21,False,Active
ACC_00000524,CUST_000354,Savings,8649.64,2023-06-14,False,Active
ACC_00000525,CUST_000355,Checking,727.41,2021-05-08,False,Active
ACC_00000526,CUST_000356,Investment,449.81,2025-01-08,True,Inactive
ACC_00000527,CUST_000356,Savings,8589.14,2024-09-13,False,Active
ACC_00000528,CUST_000357,Checking,1233.69,2024-07-03,False,Active
ACC_00000529,CUST_000358,Savings,16274.4,2025-09-04,False,Active
ACC_00000530,CUST_000359,Checking,288.74,2025-02-25,False,Active
ACC_00000531,CUST_000360,Checking,21.14,2024-06-05,False,Active
ACC_00000532,CUST_000361,Investment,577.69,2023-02-28,False,Active
ACC_00000533,CUST_000361,Savings,4773.47,2023-04-01,True,Inactive
ACC_00000534,CUST_000362,Savings,3962.68,2020-11-15,False,Active
ACC_00000535,CUST_000362,Checking,664.1,2021-01-22,False,Active
ACC_00000536,CUST_000362,Checking,3436.18,2020-11-30,False,Active
ACC_00000537,CUST_000363,Savings,1902.33,2024-12-04,False,Active
ACC_00000538,CUST_000364,Savings,1496.82,2021-01-22,False,Active
ACC_00000539,CUST_000364,Investment,2277.02,2021-02-22,False,Suspended
ACC_00000540,CUST_000365,Savings,1489.55,2023-07-01,False,Active
ACC_00000541,CUST_000366,Checking,6240.01,2024-01-25,False,Active
ACC_00000542,CUST_000367,Savings,297.38,2025-07-25,False,Active
ACC_00000543,CUST_000368,Checking,9268.2,2023-12-26,True,Inactive
ACC_00000544,CUST_000368,Checking,3398.63,2024-01-06,False,Active
ACC_00000545,CUST_000369,Checking,1323.97,2023-10-27,False,Active
ACC_00000546,CUST_000370,Savings,1270.48,2025-11-08,False,Active
ACC_00000547,CUST_000370,Savings,1004.85,2025-09-26,False,Suspended
ACC_00000548,CUST_000371,Checking,300.37,2021-09-08,False,Active
ACC_00000549,CUST_000372,Savings,485.03,2024-11-21,False,Active
ACC_00000550,CUST_000372,Checking,265.74,2025-04-11,False,Active
ACC_00000551,CUST_000373,Checking,6799.73,2021-11-25,False,Active
ACC_00000552,CUST_000374,Savings,636.5,2022-09-22,True,Inactive
ACC_00000553,CUST_000375,Savings,2180.7,2023-10-01,False,Active
ACC_00000554,CUST_000376,Savings,18425.29,2025-04-04,False,Active
ACC_00000555,CUST_000377,Checking,1038.75,2025-01-08,False,Active
ACC_00000556,CUST_000377,Savings,5648.54,2025-01-12,False,Active
ACC_00000557,CUST_000378,Savings,9283.5,2023-12-16,False,Active
ACC_00000558,CUST_000378,Investment,150.88,2023-09-23,False,Active
ACC_00000559,CUST_000379,Checking,187.67,2022-04-16,False,Active
ACC_00000560,CUST_000380,Checking,490.4,2023-03-28,False,Suspended
ACC_00000561,CUST_000381,Checking,553.24,2024-03-07,False,Active
ACC_00000562,CUST_000381,Savings,2830.2,2023-11-28,False,Active
ACC_00000563,CUST_000381,Checking,403.9,2023-12-29,False,Suspended
ACC_00000564,CUST_000382,Savings,968.07,2024-05-26,False,Active
ACC_00000565,CUST_000382,Savings,2955.9,2024-07-12,False,Suspended
ACC_00000566,CUST_000383,Checking,1881.59,2022-09-04,False,Active
ACC_00000567,CUST_000384,Checking,4.16,2025-03-09,False,Active
ACC_00000568,CUST_000385,Checking,1997.84,2021-09-19,False,Active
ACC_00000569,CUST_000385,Savings,1758.05,2021-06-19,False,Active
ACC_00000570,CUST_000386,Savings,3117.97,2025-04-18,False,Active
ACC_00000571,CUST_000387,Savings,7477.81,2022-10-23,False,Active
ACC_00000572,CUST_000387,Savings,197.64,2022-08-26,False,Active
ACC_00000573,CUST_000388,Checking,69.96,2023-07-13,True,Inactive
ACC_00000574,CUST_000389,Savings,1758.7,2023-02-07,True,Inactive
ACC_00000575,CUST_000389,Checking,3169.6,2022-12-06,True,Inactive
ACC_00000576,CUST_000390,Checking,1502.35,2021-07-01,False,Suspended
ACC_00000577,CUST_000391,Savings,6779.77,2023-05-30,False,Active
ACC_00000578,CUST_000392,Savings,11483.64,2025-08-12,False,Active
ACC_00000579,CUST_000393,Savings,3536.23,2024-06-15,False,Active
ACC_00000580,CUST_000393,Checking,833.95,2024-01-24,False,Active
ACC_00000581,CUST_000393,Checking,2123.91,2024-05-01,False,Active
ACC_00000582,CUST_000394,Investment,7426.5,2022-10-20,True,Inactive
ACC_00000583,CUST_000394,Checking,4229.3,2022-10-28,False,Active
ACC_00000584,CUST_000395,Checking,1775.24,2021-07-21,True,Inactive
ACC_00000585,CUST_000395,Savings,4490.98,2021-08-08,False,Active
ACC_00000586,CUST_000396,Investment,643.64,2025-12-31,False,Active
ACC_00000587,CUST_000396,Investment,892.76,2025-11-30,False,Active
ACC_00000588,CUST_000397,Checking,624.34,2021-08-20,False,Active
ACC_00000589,CUST_000397,Savings,59.95,2021-06-12,False,Active
ACC_00000590,CUST_000398,Savings,400.46,2023-12-03,False,Active
ACC_00000591,CUST_000399,Checking,4193.1,2022-12-24,False,Active
ACC_00000592,CUST_000400,Savings,4985.46,2021-06-08,False,Active
ACC_00000593,CUST_000401,Savings,2095.76,2025-06-22,True,Inactive
ACC_00000594,CUST_000401,Checking,1746.63,2025-09-01,False,Active
ACC_00000595,CUST_000402,Investment,1010.32,2025-05-27,True,Inactive
ACC_00000596,CUST_000403,Checking,3424.0,2024-11-15,False,Suspended
ACC_00000597,CUST_000404,Savings,1508.25,2024-06-17,False,Active
ACC_00000598,CUST_000404,Savings,2173.04,2024-05-03,False,Active
ACC_00000599,CUST_000404,Checking,1933.84,2024-07-02,False,Active
ACC_00000600,CUST_000405,Checking,1729.09,2022-08-10,False,Active
ACC_00000601,CUST_000406,Checking,2234.56,2023-12-29,False,Active
ACC_00000602,CUST_000406,Checking,754.23,2023-12-10,True,Inactive
ACC_00000603,CUST_000407,Savings,7777.76,2021-06-08,False,Active
ACC_00000604,CUST_000407,Savings,12315.82,2021-05-08,True,Inactive
ACC_00000605,CUST_000407,Checking,1388.77,2021-04-30,False,Active
ACC_00000606,CUST_000408,Checking,863.96,2023-06-01,False,Suspended
ACC_00000607,CUST_000408,Investment,361.65,2023-05-28,False,Active
ACC_00000608,CUST_000409,Checking,581.57,2024-12-06,False,Active
ACC_00000609,CUST_000410,Investment,460.39,2023-07-13,False,Suspended
ACC_00000610,CUST_000411,Investment,2259.09,2024-04-26,False,Active
ACC_00000611,CUST_000412,Savings,4273.42,2025-06-11,False,Active
ACC_00000612,CUST_000412,Savings,698.15,2025-07-08,False,Active
ACC_00000613,CUST_000413,Savings,1351.5,2023-10-14,True,Inactive
ACC_00000614,CUST_000414,Savings,1231.44,2022-06-15,False,Active
ACC_00000615,CUST_000415,Savings,11080.84,2024-08-04,True,Inactive
ACC_00000616,CUST_000416,Savings,1013.17,2024-07-14,False,Suspended
ACC_00000617,CUST_000417,Checking,558.41,2022-10-10,True,Inactive
ACC_00000618,CUST_000417,Checking,4820.25,2023-03-01,False,Active
ACC_00000619,CUST_000417,Savings,407.69,2023-02-18,False,Suspended
ACC_00000620,CUST_000418,Savings,10386.96,2025-05-23,False,Active
ACC_00000621,CUST_000418,Checking,633.35,2025-02-04,False,Active
ACC_00000622,CUST_000418,Savings,6353.91,2025-06-12,False,Active
ACC_00000623,CUST_000419,Savings,11421.1,2024-09-10,False,Active
ACC_00000624,CUST_000420,Savings,85.29,2025-05-06,False,Suspended
ACC_00000625,CUST_000421,Savings,5436.28,2022-06-03,False,Active
ACC_00000626,CUST_000422,Checking,8929.16,2020-11-29,False,Active
ACC_00000627,CUST_000422,Savings,527.66,2020-11-13,False,Active
ACC_00000628,CUST_000423,Savings,19918.49,2025-07-01,False,Active
ACC_00000629,CUST_000424,Savings,279.4,2022-07-29,True,Inactive
ACC_00000630,CUST_000424,Savings,641.32,2022-05-07,False,Active
ACC_00000631,CUST_000424,Checking,1180.77,2022-05-04,False,Suspended
ACC_00000632,CUST_000425,Checking,1386.43,2025-11-11,False,Suspended
ACC_00000633,CUST_000426,Checking,1131.5,2024-12-29,False,Active
ACC_00000634,CUST_000427,Checking,572.16,2022-09-17,False,Active
ACC_00000635,CUST_000427,Savings,84.06,2022-07-03,False,Active
ACC_00000636,CUST_000428,Savings,4864.05,2024-11-15,False,Suspended
ACC_00000637,CUST_000429,Checking,1044.36,2023-04-06,True,Inactive
ACC_00000638,CUST_000429,Savings,100.88,2022-12-25,False,Active
ACC_00000639,CUST_000430,Checking,2744.15,2025-04-03,False,Active
ACC_00000640,CUST_000431,Checking,1775.56,2024-05-09,False,Active
ACC_00000641,CUST_000432,Checking,1820.78,2025-06-25,True,Inactive
ACC_00000642,CUST_000433,Savings,6038.97,2021-06-18,False,Active
ACC_00000643,CUST_000434,Savings,3326.55,2025-07-12,False,Active
ACC_00000644,CUST_000434,Investment,1.5,2025-06-22,False,Active
ACC_00000645,CUST_000434,Savings,3117.51,2025-07-03,False,Active
ACC_00000646,CUST_000435,Savings,13658.62,2022-09-23,False,Active
ACC_00000647,CUST_000436,Savings,4876.94,2024-02-09,False,Active
ACC_00000648,CUST_000437,Savings,13058.16,2024-09-14,False,Active
ACC_00000649,CUST_000438,Savings,9660.81,2022-05-16,False,Active
ACC_00000650,CUST_000439,Savings,16378.94,2022-11-10,False,Active
ACC_00000651,CUST_000440,Checking,1906.43,2021-12-11,True,Inactive
ACC_00000652,CUST_000440,Savings,1427.01,2022-05-24,False,Active
ACC_00000653,CUST_000441,Checking,3736.96,2023-07-30,False,Active
ACC_00000654,CUST_000441,Savings,10576.09,2023-08-16,False,Active
ACC_00000655,CUST_000441,Savings,5701.09,2023-07-02,False,Suspended
ACC_00000656,CUST_000442,Checking,64.04,2024-07-08,False,Active
ACC_00000657,CUST_000442,Checking,287.8,2024-07-06,False,Suspended
ACC_00000658,CUST_000443,Checking,1322.82,2024-08-05,False,Active
ACC_00000659,CUST_000444,Savings,8402.26,2023-06-21,False,Active
ACC_00000660,CUST_000445,Investment,102.29,2021-08-13,False,Active
ACC_00000661,CUST_000446,Investment,91.23,2022-08-08,False,Active
ACC_00000662,CUST_000447,Savings,4573.44,2024-04-19,True,Inactive
ACC_00000663,CUST_000448,Savings,3455.43,2023-01-03,False,Active
ACC_00000664,CUST_000449,Savings,1953.69,2023-04-04,False,Active
ACC_00000665,CUST_000449,Checking,1899.26,2023-06-29,True,Inactive
ACC_00000666,CUST_000450,Checking,1758.62,2022-04-12,False,Active
ACC_00000667,CUST_000450,Checking,7721.46,2022-06-07,False,Active
ACC_00000668,CUST_000451,Checking,2212.88,2022-11-09,True,Inactive
ACC_00000669,CUST_000451,Savings,9596.31,2022-12-02,False,Suspended
ACC_00000670,CUST_000452,Savings,2966.54,2022-12-28,False,Suspended
ACC_00000671,CUST_000452,Investment,2386.43,2022-10-24,False,Active
ACC_00000672,CUST_000453,Checking,972.61,2024-02-04,False,Active
ACC_00000673,CUST_000453,Savings,876.89,2024-02-29,False,Active
ACC_00000674,CUST_000454,Checking,5502.85,2022-10-25,False,Active
ACC_00000675,CUST_000455,Checking,3187.74,2021-10-22,False,Active
ACC_00000676,CUST_000456,Checking,1772.99,2022-05-06,False,Active
ACC_00000677,CUST_000457,Checking,1332.94,2022-06-30,False,Suspended
ACC_00000678,CUST_000458,Savings,7535.05,2021-03-20,False,Active
ACC_00000679,CUST_000458,Checking,686.0,2020-11-25,False,Active
ACC_00000680,CUST_000459,Savings,1019.37,2023-02-02,False,Active
ACC_00000681,CUST_000460,Checking,42.75,2023-04-13,False,Active
ACC_00000682,CUST_000461,Investment,4979.68,2025-01-22,True,Inactive
ACC_00000683,CUST_000461,Checking,441.78,2024-09-15,False,Active
ACC_00000684,CUST_000462,Savings,1556.64,2025-02-24,False,Active
ACC_00000685,CUST_000463,Investment,7500.63,2025-06-18,False,Active
ACC_00000686,CUST_000464,Investment,1360.63,2024-07-08,True,Inactive
ACC_00000687,CUST_000465,Checking,451.5,2024-06-22,True,Inactive
ACC_00000688,CUST_000465,Investment,3241.74,2024-06-30,False,Active
ACC_00000689,CUST_000466,Checking,448.07,2021-01-09,False,Active
ACC_00000690,CUST_000467,Savings,2642.39,2022-06-27,True,Inactive
ACC_00000691,CUST_000468,Checking,1274.75,2022-04-29,False,Active
ACC_00000692,CUST_000468,Checking,200.19,2022-05-18,False,Active
ACC_00000693,CUST_000469,Checking,1554.0,2023-05-30,True,Inactive
ACC_00000694,CUST_000469,Savings,165.05,2023-01-04,False,Suspended
ACC_00000695,CUST_000469,Checking,1360.38,2023-04-09,False,Active
ACC_00000696,CUST_000470,Savings,3356.45,2021-10-25,False,Active
ACC_00000697,CUST_000471,Savings,3080.76,2021-02-06,False,Active
ACC_00000698,CUST_000471,Checking,1649.22,2021-02-25,False,Active
ACC_00000699,CUST_000472,Checking,1382.73,2023-04-04,False,Active
ACC_00000700,CUST_000472,Savings,2232.21,2023-01-26,True,Inactive
ACC_00000701,CUST_000473,Checking,2058.96,2023-02-02,False,Active
ACC_00000702,CUST_000474,Savings,12668.06,2025-07-10,False,Active
ACC_00000703,CUST_000474,Checking,1030.09,2025-10-04,False,Active
ACC_00000704,CUST_000475,Investment,1322.1,2022-03-12,False,Active
ACC_00000705,CUST_000475,Checking,558.18,2022-05-27,False,Active
ACC_00000706,CUST_000476,Savings,2336.86,2021-02-03,False,Active
ACC_00000707,CUST_000477,Savings,559.16,2024-11-28,True,Inactive
ACC_00000708,CUST_000478,Checking,989.37,2020-10-26,False,Active
ACC_00000709,CUST_000478,Checking,968.28,2021-03-16,False,Active
ACC_00000710,CUST_000478,Savings,2477.17,2021-03-19,False,Active
ACC_00000711,CUST_000479,Checking,2828.79,2021-03-19,False,Active
ACC_00000712,CUST_000480,Savings,3116.33,2021-09-02,False,Active
ACC_00000713,CUST_000480,Savings,2460.27,2021-09-30,False,Active
ACC_00000714,CUST_000481,Savings,641.91,2023-05-21,False,Active
ACC_00000715,CUST_000481,Savings,11666.66,2023-06-14,False,Active
ACC_00000716,CUST_000482,Investment,2222.57,2023-06-21,True,Inactive
ACC_00000717,CUST_000482,Checking,1787.43,2023-06-11,False,Active
ACC_00000718,CUST_000483,Checking,3257.85,2021-08-06,True,Inactive
ACC_00000719,CUST_000483,Savings,2938.9,2021-04-05,False,Active
ACC_00000720,CUST_000484,Savings,770.34,2024-07-16,False,Active
ACC_00000721,CUST_000484,Investment,2396.9,2024-04-11,False,Active
ACC_00000722,CUST_000484,Checking,746.52,2024-06-22,False,Active
ACC_00000723,CUST_000485,Savings,4168.99,2024-03-05,False,Active
ACC_00000724,CUST_000485,Checking,3308.86,2023-10-09,False,Active
ACC_00000725,CUST_000486,Savings,2094.17,2021-09-16,False,Active
ACC_00000726,CUST_000486,Checking,59.47,2021-09-18,False,Active
ACC_00000727,CUST_000487,Savings,1074.26,2024-04-26,False,Active
ACC_00000728,CUST_000488,Savings,19297.05,2022-02-24,False,Active
ACC_00000729,CUST_000488,Savings,671.69,2022-03-07,False,Active
ACC_00000730,CUST_000489,Savings,5181.54,2023-01-28,False,Active
ACC_00000731,CUST_000490,Checking,1069.32,2021-09-28,False,Active
ACC_00000732,CUST_000490,Checking,76.5,2021-09-25,False,Active
ACC_00000733,CUST_000491,Investment,5042.35,2025-09-12,False,Active
ACC_00000734,CUST_000492,Savings,3172.55,2025-02-21,False,Active
ACC_00000735,CUST_000493,Checking,123.98,2022-02-14,False,Active
ACC_00000736,CUST_000493,Investment,4865.56,2021-11-27,False,Active
ACC_00000737,CUST_000494,Investment,110.39,2025-03-21,False,Active
ACC_00000738,CUST_000495,Savings,3077.36,2026-01-09,False,Suspended
ACC_00000739,CUST_000496,Checking,1113.01,2025-06-21,False,Active
ACC_00000740,CUST_000497,Investment,651.16,2023-02-13,False,Active
ACC_00000741,CUST_000497,Investment,1160.97,2022-12-13,False,Active
ACC_00000742,CUST_000498,Savings,10973.11,2025-03-24,False,Active
ACC_00000743,CUST_000498,Investment,97.92,2024-12-22,False,Active
ACC_00000744,CUST_000499,Savings,10854.37,2021-08-30,False,Active
ACC_00000745,CUST_000500,Investment,1252.01,2023-02-07,False,Active
ACC_00000746,CUST_000501,Checking,979.58,2021-11-30,False,Active
ACC_00000747,CUST_000502,Investment,4267.97,2023-07-04,True,Inactive
ACC_00000748,CUST_000502,Checking,2192.38,2023-05-12,True,Inactive
ACC_00000749,CUST_000503,Checking,626.3,2023-06-16,False,Active
ACC_00000750,CUST_000504,Checking,6935.62,2025-11-20,False,Active
ACC_00000751,CUST_000505,Savings,497.34,2024-02-13,False,Active
ACC_00000752,CUST_000505,Savings,6386.74,2024-05-27,False,Suspended
ACC_00000753,CUST_000506,Checking,5920.67,2022-11-29,False,Active
ACC_00000754,CUST_000506,Checking,146.32,2022-10-20,False,Active
ACC_00000755,CUST_000507,Savings,7959.26,2024-09-15,False,Active
ACC_00000756,CUST_000508,Checking,271.35,2022-07-16,False,Active
ACC_00000757,CUST_000509,Investment,238.44,2022-04-05,False,Active
ACC_00000758,CUST_000510,Savings,340.31,2021-09-25,False,Active
ACC_00000759,CUST_000511,Savings,2324.78,2022-03-11,True,Inactive
ACC_00000760,CUST_000511,Checking,6591.41,2022-04-26,True,Inactive
ACC_00000761,CUST_000511,Savings,50.1,2022-02-26,False,Active
ACC_00000762,CUST_000512,Savings,2145.23,2022-11-29,False,Active
ACC_00000763,CUST_000513,Savings,9643.91,2023-05-09,False,Active
ACC_00000764,CUST_000514,Checking,1974.04,2024-06-13,False,Active
ACC_00000765,CUST_000515,Investment,50.26,2024-02-27,True,Inactive
ACC_00000766,CUST_000516,Checking,529.5,2022-12-18,False,Suspended
ACC_00000767,CUST_000517,Savings,316.53,2021-02-27,False,Suspended
ACC_00000768,CUST_000517,Checking,820.13,2021-03-10,False,Active
ACC_00000769,CUST_000518,Checking,311.99,2025-01-20,False,Active
ACC_00000770,CUST_000519,Savings,1496.78,2025-04-03,False,Active
ACC_00000771,CUST_000520,Investment,549.27,2024-01-21,False,Active
ACC_00000772,CUST_000520,Checking,421.28,2023-11-02,False,Active
ACC_00000773,CUST_000521,Savings,4128.95,2022-01-12,True,Inactive
ACC_00000774,CUST_000522,Savings,6134.56,2023-05-15,True,Inactive
ACC_00000775,CUST_000522,Savings,12990.35,2023-09-07,False,Suspended
ACC_00000776,CUST_000523,Savings,5530.51,2025-05-26,False,Active
ACC_00000777,CUST_000523,Savings,1437.66,2025-08-09,False,Active
ACC_00000778,CUST_000524,Checking,2764.6,2024-05-14,False,Active
ACC_00000779,CUST_000525,Investment,1182.46,2024-11-26,False,Active
ACC_00000780,CUST_000525,Checking,1481.68,2024-11-15,True,Inactive
ACC_00000781,CUST_000526,Investment,737.36,2022-10-16,True,Inactive
ACC_00000782,CUST_000527,Savings,5586.31,2023-06-25,False,Active
ACC_00000783,CUST_000527,Savings,3482.76,2023-02-18,False,Active
ACC_00000784,CUST_000528,Checking,2914.9,2021-12-28,False,Active
ACC_00000785,CUST_000528,Checking,1623.28,2021-12-21,False,Active
ACC_00000786,CUST_000529,Investment,5907.78,2024-02-19,False,Active
ACC_00000787,CUST_000530,Savings,5661.08,2024-09-18,False,Active
ACC_00000788,CUST_000531,Savings,2643.24,2024-01-29,False,Active
ACC_00000789,CUST_000531,Checking,1127.54,2024-02-25,False,Active
ACC_00000790,CUST_000532,Savings,2706.15,2023-09-04,True,Inactive
ACC_00000791,CUST_000533,Checking,1640.68,2021-02-20,False,Active
ACC_00000792,CUST_000534,Checking,2827.65,2021-04-11,False,Active
ACC_00000793,CUST_000534,Checking,654.63,2020-12-29,False,Active
ACC_00000794,CUST_000535,Savings,9785.94,2021-02-28,False,Active
ACC_00000795,CUST_000536,Savings,10427.8,2022-11-16,False,Active
ACC_00000796,CUST_000537,Savings,2331.31,2023-03-18,False,Active
ACC_00000797,CUST_000537,Checking,3249.48,2023-04-06,False,Active
ACC_00000798,CUST_000538,Checking,889.04,2025-09-01,False,Active
ACC_00000799,CUST_000539,Savings,1288.72,2023-12-19,False,Active
ACC_00000800,CUST_000540,Checking,2166.26,2023-09-21,False,Active
ACC_00000801,CUST_000540,Savings,1231.25,2023-07-21,False,Active
ACC_00000802,CUST_000540,Savings,2879.32,2023-04-13,False,Active
ACC_00000803,CUST_000541,Checking,2738.75,2024-01-23,False,Active
ACC_00000804,CUST_000541,Savings,469.91,2024-02-28,False,Active
ACC_00000805,CUST_000542,Savings,2694.72,2022-01-12,False,Active
ACC_00000806,CUST_000543,Checking,1166.46,2025-08-30,False,Active
ACC_00000807,CUST_000544,Checking,1296.77,2022-10-27,False,Active
ACC_00000808,CUST_000545,Investment,2581.47,2024-10-21,False,Active
ACC_00000809,CUST_000545,Savings,16469.56,2024-09-06,False,Suspended
ACC_00000810,CUST_000546,Savings,4558.85,2024-02-16,True,Inactive
ACC_00000811,CUST_000547,Checking,1641.03,2021-02-23,False,Active
ACC_00000812,CUST_000547,Savings,598.65,2020-10-10,False,Active
ACC_00000813,CUST_000547,Checking,3287.83,2021-03-01,True,Inactive
ACC_00000814,CUST_000548,Checking,297.66,2023-12-23,False,Active
ACC_00000815,CUST_000549,Checking,4154.84,2023-02-03,False,Active
ACC_00000816,CUST_000550,Savings,2024.5,2023-06-03,False,Active
ACC_00000817,CUST_000551,Savings,16299.98,2021-09-12,True,Inactive
ACC_00000818,CUST_000552,Savings,585.72,2022-10-01,False,Active
ACC_00000819,CUST_000553,Checking,6335.99,2023-03-09,False,Active
ACC_00000820,CUST_000553,Checking,106.95,2023-07-24,False,Active
ACC_00000821,CUST_000554,Savings,3833.65,2022-10-03,False,Active
ACC_00000822,CUST_000555,Checking,7397.42,2022-04-02,False,Active
ACC_00000823,CUST_000556,Checking,265.77,2024-05-14,False,Suspended
ACC_00000824,CUST_000557,Checking,5014.83,2023-06-16,False,Active
ACC_00000825,CUST_000558,Checking,681.71,2024-06-29,False,Active
ACC_00000826,CUST_000559,Savings,12008.92,2021-03-27,False,Active
ACC_00000827,CUST_000560,Savings,9657.81,2023-04-08,False,Suspended
ACC_00000828,CUST_000561,Savings,1980.1,2021-07-08,False,Suspended
ACC_00000829,CUST_000561,Checking,925.0,2021-06-19,False,Suspended
ACC_00000830,CUST_000562,Checking,722.99,2024-11-06,False,Active
ACC_00000831,CUST_000563,Savings,2788.78,2024-09-21,False,Active
ACC_00000832,CUST_000564,Savings,1071.16,2024-05-29,False,Active
ACC_00000833,CUST_000564,Savings,49.14,2024-05-07,False,Active
ACC_00000834,CUST_000565,Investment,463.54,2023-08-02,False,Active
ACC_00000835,CUST_000565,Checking,1429.49,2023-07-17,False,Active
ACC_00000836,CUST_000565,Savings,11328.19,2023-08-15,True,Inactive
ACC_00000837,CUST_000566,Checking,1313.97,2024-04-11,False,Active
ACC_00000838,CUST_000566,Checking,2898.64,2024-06-17,False,Active
ACC_00000839,CUST_000567,Savings,2689.88,2021-12-08,True,Inactive
ACC_00000840,CUST_000567,Investment,2090.83,2021-10-14,False,Active
ACC_00000841,CUST_000568,Checking,1061.87,2022-06-20,False,Active
ACC_00000842,CUST_000568,Checking,4204.97,2022-05-18,True,Inactive
ACC_00000843,CUST_000568,Savings,5237.04,2022-03-17,False,Active
ACC_00000844,CUST_000569,Checking,346.15,2023-02-03,False,Active
ACC_00000845,CUST_000569,Savings,7268.67,2022-11-17,False,Active
ACC_00000846,CUST_000570,Checking,9.45,2025-05-01,False,Active
ACC_00000847,CUST_000571,Savings,10706.38,2021-07-03,False,Active
ACC_00000848,CUST_000572,Savings,3156.89,2023-11-09,False,Active
ACC_00000849,CUST_000572,Checking,2425.55,2023-10-05,False,Active
ACC_00000850,CUST_000572,Investment,2055.06,2023-11-17,True,Inactive
ACC_00000851,CUST_000573,Savings,5400.96,2024-04-02,False,Active
ACC_00000852,CUST_000573,Savings,2666.57,2024-09-06,False,Active
ACC_00000853,CUST_000574,Checking,79.17,2025-06-21,False,Active
ACC_00000854,CUST_000574,Savings,1970.42,2025-06-12,False,Active
ACC_00000855,CUST_000575,Savings,157.8,2023-09-24,False,Active
ACC_00000856,CUST_000576,Savings,11330.38,2024-10-10,False,Active
ACC_00000857,CUST_000576,Checking,539.27,2024-08-23,False,Active
ACC_00000858,CUST_000577,Savings,2364.52,2021-03-02,True,Inactive
ACC_00000859,CUST_000577,Savings,1167.43,2021-03-22,True,Inactive
ACC_00000860,CUST_000578,Checking,2469.74,2021-06-20,False,Active
ACC_00000861,CUST_000579,Checking,1600.09,2022-08-05,False,Active
ACC_00000862,CUST_000580,Savings,204.47,2024-09-14,False,Active
ACC_00000863,CUST_000580,Savings,8271.99,2024-09-04,False,Active
ACC_00000864,CUST_000581,Checking,615.68,2021-12-17,False,Active
ACC_00000865,CUST_000582,Checking,326.48,2020-11-25,False,Active
ACC_00000866,CUST_000583,Savings,2967.14,2024-03-24,False,Suspended
ACC_00000867,CUST_000583,Savings,3371.13,2024-07-11,False,Active
ACC_00000868,CUST_000584,Savings,3082.02,2022-07-31,False,Active
ACC_00000869,CUST_000585,Savings,2061.07,2023-06-06,False,Active
ACC_00000870,CUST_000585,Savings,2271.03,2023-04-18,False,Active
ACC_00000871,CUST_000586,Savings,4266.29,2023-08-11,False,Active
ACC_00000872,CUST_000587,Savings,3081.52,2025-11-13,True,Inactive
ACC_00000873,CUST_000588,Checking,665.36,2021-05-11,True,Inactive
ACC_00000874,CUST_000589,Investment,2337.72,2021-08-15,True,Inactive
ACC_00000875,CUST_000590,Savings,9111.7,2022-06-15,False,Active
ACC_00000876,CUST_000591,Savings,15973.87,2022-12-16,False,Active
ACC_00000877,CUST_000592,Checking,1501.75,2025-02-17,False,Active
ACC_00000878,CUST_000593,Checking,345.03,2022-01-06,False,Active
ACC_00000879,CUST_000594,Checking,1696.79,2024-06-02,True,Inactive
ACC_00000880,CUST_000595,Checking,1055.35,2023-10-16,True,Inactive
ACC_00000881,CUST_000596,Savings,14513.25,2024-08-31,False,Active
ACC_00000882,CUST_000597,Checking,10.18,2024-11-09,False,Suspended
ACC_00000883,CUST_000598,Checking,2135.41,2021-10-28,False,Active
ACC_00000884,CUST_000598,Investment,2545.64,2022-02-04,False,Active
ACC_00000885,CUST_000599,Savings,5330.18,2023-04-11,False,Active
ACC_00000886,CUST_000600,Checking,1460.97,2022-02-23,False,Active
ACC_00000887,CUST_000601,Savings,9995.44,2023-10-05,False,Active
ACC_00000888,CUST_000601,Savings,9821.57,2023-08-19,False,Active
ACC_00000889,CUST_000602,Checking,950.75,2023-05-13,True,Inactive
ACC_00000890,CUST_000603,Investment,2943.16,2022-08-06,False,Active
ACC_00000891,CUST_000604,Checking,2950.03,2021-07-21,False,Active
ACC_00000892,CUST_000605,Savings,1470.3,2024-06-05,True,Inactive
ACC_00000893,CUST_000606,Checking,3319.05,2024-02-13,False,Active
ACC_00000894,CUST_000606,Checking,5389.6,2024-01-27,False,Active
ACC_00000895,CUST_000607,Savings,12330.42,2022-05-29,False,Active
ACC_00000896,CUST_000607,Savings,2415.76,2022-03-30,False,Active
ACC_00000897,CUST_000608,Checking,1668.26,2024-02-19,True,Inactive
ACC_00000898,CUST_000609,Checking,7253.26,2023-11-17,True,Inactive
ACC_00000899,CUST_000610,Checking,7154.92,2025-09-07,False,Active
ACC_00000900,CUST_000611,Checking,151.91,2022-10-28,True,Inactive
ACC_00000901,CUST_000612,Savings,3206.9,2021-03-02,False,Active
ACC_00000902,CUST_000613,Investment,3024.19,2021-02-06,False,Active
ACC_00000903,CUST_000613,Savings,5521.34,2020-11-24,False,Active
ACC_00000904,CUST_000614,Checking,5301.66,2025-10-06,False,Active
ACC_00000905,CUST_000615,Savings,6371.5,2022-12-18,False,Active
ACC_00000906,CUST_000616,Savings,1978.36,2021-06-22,True,Inactive
ACC_00000907,CUST_000616,Savings,2440.73,2021-09-27,False,Active
ACC_00000908,CUST_000617,Checking,47.42,2024-09-11,True,Inactive
ACC_00000909,CUST_000617,Checking,1129.8,2024-12-13,False,Active
ACC_00000910,CUST_000617,Checking,110.13,2024-09-22,False,Active
ACC_00000911,CUST_000618,Checking,5253.16,2022-10-20,False,Active
ACC_00000912,CUST_000618,Checking,162.41,2022-07-24,True,Inactive
ACC_00000913,CUST_000619,Checking,4522.75,2023-04-06,False,Active
ACC_00000914,CUST_000619,Checking,276.31,2023-02-28,False,Active
ACC_00000915,CUST_000620,Investment,3579.45,2022-03-23,False,Active
ACC_00000916,CUST_000621,Savings,7363.45,2021-06-08,False,Active
ACC_00000917,CUST_000622,Savings,5319.71,2024-03-21,False,Active
ACC_00000918,CUST_000622,Savings,4678.59,2024-03-17,False,Active
ACC_00000919,CUST_000622,Checking,2167.0,2024-02-16,False,Active
ACC_00000920,CUST_000623,Checking,5701.03,2024-06-12,False,Active
ACC_00000921,CUST_000624,Savings,5309.99,2023-04-13,True,Inactive
ACC_00000922,CUST_000625,Checking,860.96,2021-12-12,False,Active
ACC_00000923,CUST_000626,Savings,6131.82,2021-09-14,False,Active
ACC_00000924,CUST_000627,Savings,20970.19,2024-02-04,False,Suspended
ACC_00000925,CUST_000628,Savings,10411.76,2022-07-04,False,Active
ACC_00000926,CUST_000628,Checking,1308.37,2022-07-14,False,Active
ACC_00000927,CUST_000628,Checking,223.43,2022-06-01,False,Active
ACC_00000928,CUST_000629,Checking,257.85,2025-11-21,False,Active
ACC_00000929,CUST_000630,Savings,960.57,2021-11-08,False,Active
ACC_00000930,CUST_000631,Savings,11262.75,2020-10-12,False,Active
ACC_00000931,CUST_000631,Checking,50.01,2021-02-04,False,Active
ACC_00000932,CUST_000632,Checking,275.26,2025-06-21,False,Active
ACC_00000933,CUST_000632,Checking,326.32,2025-04-02,False,Active
ACC_00000934,CUST_000633,Checking,7058.15,2024-06-27,False,Active
ACC_00000935,CUST_000634,Savings,8718.7,2024-07-19,False,Active
ACC_00000936,CUST_000635,Savings,617.51,2025-01-04,False,Active
ACC_00000937,CUST_000636,Savings,3166.64,2021-08-26,False,Active
ACC_00000938,CUST_000637,Checking,2427.99,2022-11-23,False,Active
ACC_00000939,CUST_000638,Savings,11352.84,2022-06-18,False,Active
ACC_00000940,CUST_000639,Investment,2986.26,2022-04-17,False,Suspended
ACC_00000941,CUST_000640,Checking,2859.29,2022-12-15,False,Active
ACC_00000942,CUST_000640,Checking,1227.38,2023-01-01,False,Active
ACC_00000943,CUST_000641,Checking,1037.4,2023-04-01,False,Suspended
ACC_00000944,CUST_000641,Checking,1888.14,2023-06-02,False,Active
ACC_00000945,CUST_000641,Savings,9058.39,2023-03-26,False,Active
ACC_00000946,CUST_000642,Savings,1844.24,2024-12-02,False,Active
ACC_00000947,CUST_000643,Checking,25.7,2024-02-04,False,Active
ACC_00000948,CUST_000644,Savings,3429.1,2022-02-15,False,Active
ACC_00000949,CUST_000645,Checking,3295.09,2024-09-19,False,Active
ACC_00000950,CUST_000645,Savings,1585.26,2024-07-25,True,Inactive
ACC_00000951,CUST_000645,Savings,9496.2,2024-08-23,False,Active
ACC_00000952,CUST_000646,Savings,695.06,2022-09-21,False,Active
ACC_00000953,CUST_000646,Savings,4665.78,2022-06-24,False,Active
ACC_00000954,CUST_000647,Investment,2936.24,2022-09-09,False,Active
ACC_00000955,CUST_000648,Checking,116.07,2023-05-10,False,Active
ACC_00000956,CUST_000649,Investment,3115.39,2022-08-29,False,Active
ACC_00000957,CUST_000649,Savings,2423.85,2022-06-27,False,Active
ACC_00000958,CUST_000649,Checking,2416.59,2022-09-13,False,Active
ACC_00000959,CUST_000650,Savings,10393.1,2024-03-29,False,Suspended
ACC_00000960,CUST_000650,Savings,239.05,2024-07-12,False,Suspended
ACC_00000961,CUST_000651,Savings,4251.14,2022-03-10,False,Active
ACC_00000962,CUST_000651,Checking,1564.29,2022-03-06,False,Active
ACC_00000963,CUST_000652,Checking,240.69,2024-03-13,False,Active
ACC_00000964,CUST_000652,Savings,8926.08,2024-04-06,False,Active
ACC_00000965,CUST_000653,Checking,320.57,2021-11-25,False,Active
ACC_00000966,CUST_000654,Investment,1339.27,2021-01-14,False,Active
ACC_00000967,CUST_000655,Savings,640.07,2023-02-23,False,Active
ACC_00000968,CUST_000656,Checking,1874.77,2022-11-16,False,Active
ACC_00000969,CUST_000657,Investment,4359.71,2023-01-03,True,Inactive
ACC_00000970,CUST_000657,Investment,659.99,2023-02-04,False,Active
ACC_00000971,CUST_000658,Investment,3673.09,2024-07-06,False,Active
ACC_00000972,CUST_000659,Checking,701.45,2023-01-19,False,Active
ACC_00000973,CUST_000659,Savings,2974.73,2023-02-20,True,Inactive
ACC_00000974,CUST_000660,Investment,420.18,2023-10-16,True,Inactive
ACC_00000975,CUST_000660,Checking,853.24,2023-11-30,False,Active
ACC_00000976,CUST_000660,Savings,597.71,2024-01-10,False,Active
ACC_00000977,CUST_000661,Investment,2201.34,2025-08-27,False,Active
ACC_00000978,CUST_000662,Checking,4488.12,2024-09-27,False,Active
ACC_00000979,CUST_000663,Savings,5842.12,2021-09-07,False,Active
ACC_00000980,CUST_000664,Savings,797.63,2020-12-15,False,Active
ACC_00000981,CUST_000665,Savings,583.64,2024-11-17,False,Active
ACC_00000982,CUST_000665,Savings,4857.23,2024-10-22,False,Active
ACC_00000983,CUST_000666,Savings,6482.21,2021-10-16,False,Active
ACC_00000984,CUST_000666,Checking,1648.13,2022-01-24,False,Suspended
ACC_00000985,CUST_000667,Investment,1479.35,2023-05-25,True,Inactive
ACC_00000986,CUST_000668,Investment,1509.52,2024-06-17,False,Active
ACC_00000987,CUST_000669,Savings,928.01,2022-08-08,False,Active
ACC_00000988,CUST_000670,Checking,593.21,2023-12-29,False,Active
ACC_00000989,CUST_000671,Checking,4557.0,2024-06-18,False,Active
ACC_00000990,CUST_000672,Checking,2373.76,2023-01-15,False,Active
ACC_00000991,CUST_000673,Checking,68.0,2021-06-01,False,Active
ACC_00000992,CUST_000674,Savings,5941.46,2021-09-28,False,Active
ACC_00000993,CUST_000675,Savings,580.63,2025-09-04,False,Active
ACC_00000994,CUST_000676,Savings,13566.24,2021-06-04,False,Active
ACC_00000995,CUST_000677,Savings,2089.48,2021-05-02,False,Suspended
ACC_00000996,CUST_000677,Savings,5472.2,2021-02-10,False,Active
ACC_00000997,CUST_000677,Savings,8195.82,2021-07-25,False,Active
ACC_00000998,CUST_000678,Checking,720.91,2023-11-30,False,Active
ACC_00000999,CUST_000679,Savings,1419.82,2022-10-18,False,Suspended
ACC_00001000,CUST_000680,Checking,29.28,2025-02-13,True,Inactive
ACC_00001001,CUST_000680,Savings,6246.97,2024-10-17,False,Active
ACC_00001002,CUST_000681,Checking,2088.43,2023-11-19,False,Active
ACC_00001003,CUST_000681,Savings,1961.05,2024-02-03,True,Inactive
ACC_00001004,CUST_000682,Checking,4551.86,2021-05-28,False,Active
ACC_00001005,CUST_000683,Checking,676.03,2020-09-11,False,Active
ACC_00001006,CUST_000684,Savings,4354.49,2023-03-12,False,Suspended
ACC_00001007,CUST_000684,Checking,5434.73,2022-11-13,False,Active
ACC_00001008,CUST_000684,Savings,1529.05,2023-03-09,False,Active
ACC_00001009,CUST_000685,Savings,2400.11,2025-05-11,False,Active
ACC_00001010,CUST_000685,Savings,105.66,2025-04-03,False,Active
ACC_00001011,CUST_000686,Savings,2251.08,2024-01-13,False,Suspended
ACC_00001012,CUST_000687,Checking,875.22,2023-08-08,False,Active
ACC_00001013,CUST_000687,Checking,3858.47,2023-05-31,False,Active
ACC_00001014,CUST_000687,Checking,199.77,2023-08-23,True,Inactive
ACC_00001015,CUST_000688,Savings,3756.28,2024-06-20,False,Active
ACC_00001016,CUST_000688,Checking,966.0,2024-04-11,False,Active
ACC_00001017,CUST_000689,Savings,8594.47,2024-02-20,False,Active
ACC_00001018,CUST_000690,Investment,251.95,2021-11-14,False,Active
ACC_00001019,CUST_000691,Savings,2733.29,2025-09-12,False,Active
ACC_00001020,CUST_000692,Savings,1711.61,2021-04-28,False,Active
ACC_00001021,CUST_000692,Savings,1010.19,2021-04-17,False,Active
ACC_00001022,CUST_000693,Checking,65.03,2025-09-06,False,Active
ACC_00001023,CUST_000694,Savings,2861.15,2022-07-27,False,Active
ACC_00001024,CUST_000694,Savings,3055.35,2022-03-16,False,Active
ACC_00001025,CUST_000695,Checking,968.34,2023-03-31,False,Active
ACC_00001026,CUST_000696,Checking,3235.37,2022-05-24,False,Active
ACC_00001027,CUST_000697,Investment,1018.68,2024-12-22,False,Active
ACC_00001028,CUST_000697,Savings,1567.53,2025-02-16,False,Active
ACC_00001029,CUST_000698,Savings,8332.35,2025-01-28,False,Active
ACC_00001030,CUST_000699,Checking,101.11,2023-07-09,False,Active
ACC_00001031,CUST_000700,Savings,5158.17,2024-11-22,False,Active
ACC_00001032,CUST_000701,Savings,14100.25,2021-11-07,False,Active
ACC_00001033,CUST_000702,Savings,498.85,2021-09-01,False,Active
ACC_00001034,CUST_000702,Savings,1522.5,2021-06-12,False,Active
ACC_00001035,CUST_000703,Savings,2258.97,2023-05-11,False,Active
ACC_00001036,CUST_000704,Investment,6935.73,2025-08-12,False,Suspended
ACC_00001037,CUST_000705,Investment,130.7,2024-08-14,True,Inactive
ACC_00001038,CUST_000706,Checking,2213.38,2022-02-02,False,Active
ACC_00001039,CUST_000706,Checking,1766.0,2021-11-26,True,Inactive
ACC_00001040,CUST_000707,Checking,62.92,2023-04-13,False,Suspended
ACC_00001041,CUST_000708,Savings,1500.23,2021-08-20,False,Active
ACC_00001042,CUST_000709,Investment,2833.25,2023-08-03,False,Active
ACC_00001043,CUST_000710,Checking,1185.57,2021-02-04,False,Active
ACC_00001044,CUST_000710,Checking,1207.57,2021-01-11,False,Active
ACC_00001045,CUST_000711,Savings,1890.52,2022-03-08,False,Active
ACC_00001046,CUST_000712,Savings,6109.1,2025-04-18,False,Active
ACC_00001047,CUST_000713,Investment,1680.85,2023-02-26,False,Active
ACC_00001048,CUST_000714,Savings,5586.76,2024-02-01,False,Active
ACC_00001049,CUST_000714,Savings,1786.87,2024-01-25,False,Active
ACC_00001050,CUST_000715,Savings,9219.75,2024-09-11,False,Active
ACC_00001051,CUST_000715,Checking,480.5,2024-07-09,False,Active
ACC_00001052,CUST_000716,Savings,5139.04,2023-02-05,True,Inactive
ACC_00001053,CUST_000716,Savings,9658.88,2023-01-25,False,Active
ACC_00001054,CUST_000717,Investment,4376.0,2022-12-17,True,Inactive
ACC_00001055,CUST_000718,Savings,10208.67,2023-03-19,False,Active
ACC_00001056,CUST_000718,Checking,4852.64,2023-01-18,False,Active
ACC_00001057,CUST_000719,Savings,3275.87,2025-02-19,False,Active
ACC_00001058,CUST_000720,Savings,16856.23,2023-08-01,True,Inactive
ACC_00001059,CUST_000720,Savings,8581.69,2023-07-11,False,Active
ACC_00001060,CUST_000720,Savings,6597.36,2023-08-21,False,Active
ACC_00001061,CUST_000721,Checking,1522.32,2024-06-14,False,Active
ACC_00001062,CUST_000722,Savings,557.53,2022-02-18,False,Suspended
ACC_00001063,CUST_000723,Savings,10781.4,2023-09-23,False,Active
ACC_00001064,CUST_000723,Checking,288.87,2023-07-23,False,Active
ACC_00001065,CUST_000724,Savings,4394.45,2025-01-07,False,Active
ACC_00001066,CUST_000725,Checking,442.65,2022-02-05,False,Active
ACC_00001067,CUST_000725,Savings,7720.19,2022-01-12,False,Active
ACC_00001068,CUST_000726,Checking,554.63,2025-10-02,False,Active
ACC_00001069,CUST_000727,Checking,8392.8,2024-07-24,False,Active
ACC_00001070,CUST_000727,Savings,13561.45,2024-07-17,True,Inactive
ACC_00001071,CUST_000727,Checking,1674.63,2024-05-22,False,Active
ACC_00001072,CUST_000728,Savings,4782.0,2021-05-04,False,Active
ACC_00001073,CUST_000729,Checking,2070.46,2022-08-09,False,Active
ACC_00001074,CUST_000730,Savings,7599.29,2022-03-14,False,Active
ACC_00001075,CUST_000731,Savings,14325.34,2021-06-04,False,Active
ACC_00001076,CUST_000731,Checking,269.8,2021-05-25,False,Suspended
ACC_00001077,CUST_000732,Savings,3278.69,2023-01-25,True,Inactive
ACC_00001078,CUST_000733,Checking,228.96,2022-06-12,False,Active
ACC_00001079,CUST_000734,Savings,1772.32,2021-04-11,False,Suspended
ACC_00001080,CUST_000734,Savings,720.04,2021-01-02,False,Active
ACC_00001081,CUST_000735,Savings,2080.92,2024-08-31,True,Inactive
ACC_00001082,CUST_000736,Investment,1468.61,2022-11-15,True,Inactive
ACC_00001083,CUST_000737,Checking,256.24,2022-05-07,False,Active
ACC_00001084,CUST_000738,Checking,136.33,2024-12-21,True,Inactive
ACC_00001085,CUST_000739,Savings,2606.48,2024-08-03,False,Active
ACC_00001086,CUST_000739,Savings,1822.19,2024-05-15,False,Suspended
ACC_00001087,CUST_000739,Investment,4567.99,2024-05-17,False,Active
ACC_00001088,CUST_000740,Savings,1748.56,2021-09-25,False,Active
ACC_00001089,CUST_000741,Savings,2091.73,2024-11-28,False,Active
ACC_00001090,CUST_000742,Checking,453.79,2021-05-21,False,Active
ACC_00001091,CUST_000743,Savings,1460.14,2024-07-29,True,Inactive
ACC_00001092,CUST_000744,Savings,1988.0,2023-09-24,False,Active
ACC_00001093,CUST_000745,Savings,5510.18,2025-10-05,False,Active
ACC_00001094,CUST_000745,Investment,7679.96,2025-06-14,False,Active
ACC_00001095,CUST_000746,Savings,996.3,2025-02-16,False,Active
ACC_00001096,CUST_000746,Savings,1013.38,2024-12-01,False,Active
ACC_00001097,CUST_000746,Savings,4539.85,2025-03-01,False,Active
ACC_00001098,CUST_000747,Checking,1365.42,2024-08-09,False,Active
ACC_00001099,CUST_000748,Checking,1097.91,2025-03-14,False,Active
ACC_00001100,CUST_000748,Savings,127.31,2024-11-16,False,Active
ACC_00001101,CUST_000749,Savings,90.61,2021-08-16,False,Active
ACC_00001102,CUST_000749,Savings,7674.82,2021-10-30,False,Active
ACC_00001103,CUST_000750,Checking,2068.03,2022-03-31,False,Active
ACC_00001104,CUST_000750,Savings,3604.69,2022-02-15,False,Active
ACC_00001105,CUST_000751,Savings,2060.55,2022-02-13,False,Active
ACC_00001106,CUST_000752,Checking,3935.85,2023-10-16,False,Active
ACC_00001107,CUST_000752,Checking,2746.7,2023-10-12,False,Active
ACC_00001108,CUST_000752,Checking,461.53,2023-11-28,False,Active
ACC_00001109,CUST_000753,Checking,1635.71,2021-07-15,False,Active
ACC_00001110,CUST_000753,Checking,3249.87,2021-09-22,False,Active
ACC_00001111,CUST_000754,Savings,2042.38,2022-08-06,False,Active
ACC_00001112,CUST_000755,Savings,3153.29,2023-05-15,False,Active
ACC_00001113,CUST_000756,Checking,206.41,2022-04-25,False,Active
ACC_00001114,CUST_000756,Checking,1589.92,2022-03-15,False,Active
ACC_00001115,CUST_000757,Savings,3751.84,2022-02-16,True,Inactive
ACC_00001116,CUST_000757,Savings,3019.92,2022-06-04,False,Active
ACC_00001117,CUST_000758,Checking,240.05,2025-02-19,False,Active
ACC_00001118,CUST_000758,Checking,1544.97,2025-05-23,False,Active
ACC_00001119,CUST_000759,Savings,2082.77,2023-03-01,False,Active
ACC_00001120,CUST_000760,Savings,3381.59,2025-11-22,False,Active
ACC_00001121,CUST_000760,Savings,15645.86,2025-09-20,True,Inactive
ACC_00001122,CUST_000761,Checking,3103.85,2026-01-23,False,Active
ACC_00001123,CUST_000761,Checking,6285.48,2026-01-29,False,Active
ACC_00001124,CUST_000761,Savings,8933.82,2025-12-24,True,Inactive
ACC_00001125,CUST_000762,Checking,955.94,2022-10-16,False,Suspended
ACC_00001126,CUST_000763,Checking,6213.0,2025-08-14,False,Active
ACC_00001127,CUST_000763,Savings,4241.16,2025-12-26,False,Suspended
ACC_00001128,CUST_000764,Checking,624.88,2021-01-01,False,Active
ACC_00001129,CUST_000765,Savings,4430.06,2025-02-16,False,Active
ACC_00001130,CUST_000766,Savings,2030.94,2025-08-28,False,Active
ACC_00001131,CUST_000767,Savings,4429.9,2022-08-24,False,Active
ACC_00001132,CUST_000768,Savings,11339.61,2024-08-28,False,Active
ACC_00001133,CUST_000769,Savings,5147.76,2021-09-24,False,Active
ACC_00001134,CUST_000769,Checking,2314.2,2021-05-24,False,Active
ACC_00001135,CUST_000769,Investment,582.48,2021-08-19,False,Active
ACC_00001136,CUST_000770,Savings,1655.99,2022-10-04,True,Inactive
ACC_00001137,CUST_000771,Checking,2260.86,2024-12-05,False,Active
ACC_00001138,CUST_000771,Investment,6.05,2025-01-29,True,Inactive
ACC_00001139,CUST_000771,Savings,1902.66,2025-02-12,False,Active
ACC_00001140,CUST_000772,Savings,999.69,2021-10-01,False,Active
ACC_00001141,CUST_000773,Checking,678.09,2023-11-15,False,Active
ACC_00001142,CUST_000773,Savings,1899.75,2023-07-27,False,Active
ACC_00001143,CUST_000773,Investment,332.97,2023-06-12,True,Inactive
ACC_00001144,CUST_000774,Investment,679.17,2021-01-31,False,Active
ACC_00001145,CUST_000775,Savings,803.88,2023-05-24,False,Suspended
ACC_00001146,CUST_000775,Savings,9360.31,2023-07-17,False,Active
ACC_00001147,CUST_000776,Savings,3343.07,2021-09-10,False,Active
ACC_00001148,CUST_000776,Checking,2016.58,2022-01-23,True,Inactive
ACC_00001149,CUST_000777,Checking,1558.87,2024-06-18,False,Active
ACC_00001150,CUST_000778,Checking,2167.6,2024-03-19,False,Active
ACC_00001151,CUST_000778,Checking,1015.18,2023-11-30,False,Active
ACC_00001152,CUST_000778,Checking,245.51,2024-03-14,False,Active
ACC_00001153,CUST_000779,Savings,24689.82,2021-07-29,False,Active
ACC_00001154,CUST_000780,Checking,1087.34,2023-07-17,False,Active
ACC_00001155,CUST_000781,Investment,4603.36,2022-02-27,False,Active
ACC_00001156,CUST_000782,Savings,36439.72,2020-12-29,False,Active
ACC_00001157,CUST_000783,Savings,863.66,2021-09-05,False,Active
ACC_00001158,CUST_000784,Savings,10340.54,2024-10-31,False,Active
ACC_00001159,CUST_000785,Savings,6674.3,2024-12-14,False,Active
ACC_00001160,CUST_000786,Checking,854.72,2024-10-25,False,Active
ACC_00001161,CUST_000787,Checking,3466.25,2023-02-13,False,Active
ACC_00001162,CUST_000788,Savings,5111.74,2021-02-01,False,Active
ACC_00001163,CUST_000788,Savings,4238.92,2021-01-31,False,Suspended
ACC_00001164,CUST_000789,Savings,75.56,2023-10-15,False,Active
ACC_00001165,CUST_000789,Investment,2023.56,2023-08-07,False,Active
ACC_00001166,CUST_000789,Checking,666.65,2023-06-27,False,Active
ACC_00001167,CUST_000790,Checking,7674.24,2021-02-06,False,Active
ACC_00001168,CUST_000790,Savings,4663.53,2021-04-23,False,Active
ACC_00001169,CUST_000791,Checking,1612.59,2024-10-02,False,Suspended
ACC_00001170,CUST_000792,Savings,5265.95,2023-07-08,False,Active
ACC_00001171,CUST_000793,Savings,2979.3,2025-10-16,False,Active
ACC_00001172,CUST_000794,Savings,2655.94,2021-10-02,False,Active
ACC_00001173,CUST_000794,Savings,5303.18,2021-11-09,True,Inactive
ACC_00001174,CUST_000795,Checking,1578.89,2022-08-12,True,Inactive
ACC_00001175,CUST_000796,Savings,6188.22,2021-06-22,False,Suspended
ACC_00001176,CUST_000797,Investment,4268.63,2023-06-09,False,Active
ACC_00001177,CUST_000797,Savings,454.77,2023-04-26,False,Active
ACC_00001178,CUST_000797,Savings,7820.0,2023-05-25,True,Inactive
ACC_00001179,CUST_000798,Checking,6586.69,2023-08-04,False,Suspended
ACC_00001180,CUST_000799,Savings,1354.15,2021-05-26,False,Active
ACC_00001181,CUST_000799,Checking,140.41,2021-07-25,False,Active
ACC_00001182,CUST_000800,Checking,2715.19,2021-08-20,False,Active
ACC_00001183,CUST_000800,Checking,4297.15,2021-06-23,False,Active
ACC_00001184,CUST_000801,Checking,5715.52,2025-10-03,False,Active
ACC_00001185,CUST_000801,Savings,2200.04,2025-08-31,False,Active
ACC_00001186,CUST_000802,Savings,2437.66,2024-01-26,False,Active
ACC_00001187,CUST_000803,Savings,1695.25,2021-07-07,False,Active
ACC_00001188,CUST_000804,Checking,1405.34,2024-03-02,False,Active
ACC_00001189,CUST_000805,Checking,2756.05,2023-01-06,False,Active
ACC_00001190,CUST_000805,Savings,2431.08,2023-03-22,False,Active
ACC_00001191,CUST_000805,Savings,8199.79,2023-03-28,False,Active
ACC_00001192,CUST_000806,Checking,272.05,2022-04-10,False,Suspended
ACC_00001193,CUST_000806,Checking,1348.44,2022-05-20,False,Suspended
ACC_00001194,CUST_000807,Investment,524.39,2022-09-17,False,Active
ACC_00001195,CUST_000808,Savings,5377.24,2024-01-29,False,Active
ACC_00001196,CUST_000808,Savings,1022.38,2024-04-15,False,Suspended
ACC_00001197,CUST_000809,Checking,881.31,2021-06-12,False,Active
ACC_00001198,CUST_000810,Savings,3237.24,2021-04-11,False,Active
ACC_00001199,CUST_000811,Checking,3682.19,2022-06-10,False,Active
ACC_00001200,CUST_000811,Savings,1134.95,2022-08-15,True,Inactive
ACC_00001201,CUST_000811,Savings,4841.72,2022-06-29,False,Active
ACC_00001202,CUST_000812,Checking,837.91,2022-01-31,False,Active
ACC_00001203,CUST_000813,Checking,718.6,2024-01-10,False,Active
ACC_00001204,CUST_000814,Savings,2644.1,2024-02-17,True,Inactive
ACC_00001205,CUST_000815,Checking,738.61,2023-04-08,False,Suspended
ACC_00001206,CUST_000815,Savings,4260.71,2023-07-02,False,Active
ACC_00001207,CUST_000816,Savings,1025.36,2022-05-29,False,Active
ACC_00001208,CUST_000817,Investment,1270.87,2022-01-20,False,Active
ACC_00001209,CUST_000818,Savings,333.32,2023-08-25,False,Active
ACC_00001210,CUST_000819,Checking,1912.27,2024-12-07,False,Active
ACC_00001211,CUST_000819,Savings,3007.8,2025-03-28,False,Suspended
ACC_00001212,CUST_000820,Checking,8.74,2024-07-07,False,Active
ACC_00001213,CUST_000821,Investment,371.61,2023-06-26,False,Active
ACC_00001214,CUST_000821,Savings,1925.75,2023-04-25,False,Active
ACC_00001215,CUST_000822,Savings,2548.52,2021-12-03,False,Active
ACC_00001216,CUST_000823,Savings,48.74,2023-09-17,False,Active
ACC_00001217,CUST_000823,Investment,1498.28,2023-11-23,False,Suspended
ACC_00001218,CUST_000823,Checking,2816.57,2024-01-01,False,Active
ACC_00001219,CUST_000824,Savings,799.36,2021-08-02,False,Active
ACC_00001220,CUST_000824,Checking,485.77,2021-09-25,False,Active
ACC_00001221,CUST_000825,Checking,2655.92,2024-03-24,False,Active
ACC_00001222,CUST_000825,Checking,3521.02,2024-03-18,False,Active
ACC_00001223,CUST_000825,Checking,3759.95,2024-02-07,False,Active
ACC_00001224,CUST_000826,Savings,5507.11,2025-05-05,True,Inactive
ACC_00001225,CUST_000827,Savings,5801.16,2022-06-04,False,Suspended
ACC_00001226,CUST_000827,Savings,1887.2,2022-07-27,False,Active
ACC_00001227,CUST_000828,Investment,564.06,2025-01-10,False,Active
ACC_00001228,CUST_000828,Savings,7175.06,2025-04-02,False,Active
ACC_00001229,CUST_000829,Checking,1879.1,2024-08-28,False,Active
ACC_00001230,CUST_000829,Checking,2125.91,2024-11-02,False,Active
ACC_00001231,CUST_000830,Savings,2771.83,2024-03-03,True,Inactive
ACC_00001232,CUST_000831,Savings,414.98,2024-09-27,False,Active
ACC_00001233,CUST_000832,Checking,932.11,2023-05-23,False,Active
ACC_00001234,CUST_000832,Checking,1612.31,2022-12-13,False,Active
ACC_00001235,CUST_000833,Checking,1771.98,2025-10-10,False,Active
ACC_00001236,CUST_000833,Checking,1961.35,2025-08-05,False,Active
ACC_00001237,CUST_000833,Investment,228.41,2025-07-31,True,Inactive
ACC_00001238,CUST_000834,Savings,5851.11,2024-04-28,False,Active
ACC_00001239,CUST_000835,Savings,629.82,2021-11-03,False,Active
ACC_00001240,CUST_000836,Savings,1461.51,2024-08-25,False,Active
ACC_00001241,CUST_000837,Savings,5758.38,2024-03-02,False,Active
ACC_00001242,CUST_000838,Checking,962.4,2022-09-02,False,Active
ACC_00001243,CUST_000839,Savings,1400.12,2024-05-17,False,Active
ACC_00001244,CUST_000840,Savings,9357.88,2024-08-22,False,Suspended
ACC_00001245,CUST_000840,Savings,2808.29,2024-04-21,False,Active
ACC_00001246,CUST_000841,Savings,4235.22,2021-09-11,False,Suspended
ACC_00001247,CUST_000842,Savings,9155.56,2021-06-08,False,Suspended
ACC_00001248,CUST_000843,Savings,1243.01,2025-03-27,False,Suspended
ACC_00001249,CUST_000843,Checking,2708.3,2025-03-20,False,Active
ACC_00001250,CUST_000844,Checking,61.94,2023-07-25,False,Active
ACC_00001251,CUST_000845,Savings,5395.8,2024-12-28,False,Active
ACC_00001252,CUST_000846,Checking,457.58,2022-10-11,False,Active
ACC_00001253,CUST_000846,Checking,1163.63,2022-11-26,False,Active
ACC_00001254,CUST_000847,Savings,2381.21,2022-04-16,True,Inactive
ACC_00001255,CUST_000847,Savings,6056.07,2022-04-03,True,Inactive
ACC_00001256,CUST_000848,Investment,3367.26,2025-04-03,False,Active
ACC_00001257,CUST_000849,Savings,6296.8,2025-04-23,False,Suspended
ACC_00001258,CUST_000849,Checking,1134.09,2025-06-13,False,Suspended
ACC_00001259,CUST_000850,Checking,1236.2,2025-04-10,False,Active
ACC_00001260,CUST_000851,Checking,1599.74,2021-06-22,False,Active
ACC_00001261,CUST_000852,Checking,998.29,2023-02-19,False,Active
ACC_00001262,CUST_000852,Checking,6015.29,2023-02-25,False,Active
ACC_00001263,CUST_000853,Savings,4418.29,2025-01-30,False,Active
ACC_00001264,CUST_000853,Savings,4803.23,2024-10-11,False,Active
ACC_00001265,CUST_000854,Savings,5011.07,2024-08-11,False,Active
ACC_00001266,CUST_000855,Checking,410.0,2021-10-01,True,Inactive
ACC_00001267,CUST_000855,Savings,926.25,2021-07-06,False,Active
ACC_00001268,CUST_000856,Savings,4070.08,2025-02-03,False,Active
ACC_00001269,CUST_000857,Savings,1621.72,2023-07-11,False,Active
ACC_00001270,CUST_000858,Savings,9669.2,2021-12-21,False,Active
ACC_00001271,CUST_000859,Checking,1784.72,2022-03-15,False,Active
ACC_00001272,CUST_000859,Savings,2620.27,2022-01-16,False,Active
ACC_00001273,CUST_000860,Investment,514.66,2023-08-26,False,Active
ACC_00001274,CUST_000861,Savings,13579.82,2022-10-28,False,Active
ACC_00001275,CUST_000861,Checking,1543.4,2023-03-25,False,Active
ACC_00001276,CUST_000861,Investment,1170.15,2023-02-19,False,Active
ACC_00001277,CUST_000862,Savings,6033.52,2025-04-26,False,Active
ACC_00001278,CUST_000863,Investment,132.96,2024-07-16,False,Active
ACC_00001279,CUST_000863,Savings,3002.14,2024-06-17,False,Active
ACC_00001280,CUST_000863,Savings,4449.06,2024-05-11,False,Active
ACC_00001281,CUST_000864,Checking,1471.39,2023-07-13,False,Active
ACC_00001282,CUST_000865,Checking,505.99,2025-12-07,False,Active
ACC_00001283,CUST_000866,Savings,676.12,2021-05-08,False,Active
ACC_00001284,CUST_000866,Checking,1356.6,2021-06-09,False,Active
ACC_00001285,CUST_000867,Checking,3574.85,2025-06-25,False,Active
ACC_00001286,CUST_000868,Checking,792.68,2021-05-21,False,Active
ACC_00001287,CUST_000869,Savings,3535.52,2021-01-09,False,Active
ACC_00001288,CUST_000870,Checking,1672.02,2025-03-10,True,Inactive
ACC_00001289,CUST_000870,Savings,1853.62,2025-03-10,False,Active
ACC_00001290,CUST_000871,Checking,7501.68,2021-09-05,False,Active
ACC_00001291,CUST_000872,Savings,14315.87,2025-02-22,True,Inactive
ACC_00001292,CUST_000873,Checking,1888.08,2024-05-14,False,Active
ACC_00001293,CUST_000873,Checking,6949.97,2024-09-08,False,Suspended
ACC_00001294,CUST_000874,Checking,3233.09,2024-04-11,True,Inactive
ACC_00001295,CUST_000874,Savings,7831.82,2024-07-21,False,Active
ACC_00001296,CUST_000874,Checking,299.23,2024-03-20,False,Active
ACC_00001297,CUST_000875,Savings,2135.49,2021-09-12,False,Active
ACC_00001298,CUST_000876,Savings,8174.23,2024-10-21,False,Active
ACC_00001299,CUST_000877,Checking,1381.79,2025-06-25,False,Active
ACC_00001300,CUST_000878,Checking,466.45,2023-03-06,False,Active
ACC_00001301,CUST_000878,Savings,11843.17,2023-01-14,False,Active
ACC_00001302,CUST_000878,Savings,5007.57,2023-02-09,False,Active
ACC_00001303,CUST_000879,Checking,4311.91,2024-01-12,False,Active
ACC_00001304,CUST_000880,Checking,3988.78,2023-03-12,False,Active
ACC_00001305,CUST_000880,Savings,8635.79,2023-01-17,True,Inactive
ACC_00001306,CUST_000880,Checking,3609.52,2023-02-04,False,Active
ACC_00001307,CUST_000881,Savings,3955.78,2025-11-05,False,Active
ACC_00001308,CUST_000882,Checking,3275.48,2021-10-07,False,Active
ACC_00001309,CUST_000883,Checking,166.45,2024-12-08,False,Active
ACC_00001310,CUST_000883,Checking,5118.14,2025-03-10,True,Inactive
ACC_00001311,CUST_000884,Investment,2511.07,2020-12-18,False,Suspended
ACC_00001312,CUST_000885,Savings,3983.04,2021-11-16,False,Active
ACC_00001313,CUST_000886,Savings,7224.79,2024-11-17,True,Inactive
ACC_00001314,CUST_000886,Checking,1007.49,2024-07-30,False,Active
ACC_00001315,CUST_000887,Savings,2614.27,2022-07-03,False,Active
ACC_00001316,CUST_000888,Savings,6048.51,2022-03-28,False,Active
ACC_00001317,CUST_000889,Savings,4558.79,2024-01-07,True,Inactive
ACC_00001318,CUST_000890,Savings,1198.0,2021-05-13,False,Suspended
ACC_00001319,CUST_000890,Savings,32849.88,2021-06-11,False,Active
ACC_00001320,CUST_000891,Investment,874.67,2021-06-27,False,Active
ACC_00001321,CUST_000892,Savings,4.53,2024-04-21,False,Active
ACC_00001322,CUST_000892,Checking,144.09,2024-07-08,False,Active
ACC_00001323,CUST_000893,Checking,780.74,2023-06-30,False,Active
ACC_00001324,CUST_000893,Savings,1047.0,2023-04-30,False,Active
ACC_00001325,CUST_000893,Savings,23114.53,2023-07-28,False,Active
ACC_00001326,CUST_000894,Savings,6286.21,2023-06-05,False,Active
ACC_00001327,CUST_000895,Savings,5854.24,2025-12-02,False,Suspended
ACC_00001328,CUST_000896,Savings,560.0,2024-12-24,False,Active
ACC_00001329,CUST_000896,Savings,6991.46,2024-09-27,True,Inactive
ACC_00001330,CUST_000897,Savings,3498.48,2024-09-24,False,Active
ACC_00001331,CUST_000898,Savings,5207.43,2023-05-16,False,Active
ACC_00001332,CUST_000899,Savings,3635.22,2023-10-05,False,Suspended
ACC_00001333,CUST_000899,Checking,5994.23,2023-12-05,True,Inactive
ACC_00001334,CUST_000899,Checking,679.95,2023-10-24,True,Inactive
ACC_00001335,CUST_000900,Savings,1817.22,2022-06-15,False,Active
ACC_00001336,CUST_000900,Checking,1006.67,2022-04-05,False,Suspended
ACC_00001337,CUST_000900,Checking,155.37,2022-06-23,False,Suspended
ACC_00001338,CUST_000901,Savings,6536.05,2022-08-02,False,Active
ACC_00001339,CUST_000902,Savings,2906.73,2022-05-29,False,Active
ACC_00001340,CUST_000902,Savings,358.72,2022-08-28,False,Active
ACC_00001341,CUST_000903,Savings,567.87,2021-08-16,True,Inactive
ACC_00001342,CUST_000904,Investment,245.86,2023-03-28,False,Suspended
ACC_00001343,CUST_000905,Checking,643.52,2021-10-29,False,Active
ACC_00001344,CUST_000906,Savings,5867.23,2024-09-23,False,Active
ACC_00001345,CUST_000906,Savings,2892.05,2024-08-05,False,Active
ACC_00001346,CUST_000907,Savings,317.39,2025-08-25,False,Active
ACC_00001347,CUST_000908,Checking,104.39,2020-12-14,False,Active
ACC_00001348,CUST_000908,Savings,719.01,2020-10-31,False,Active
ACC_00001349,CUST_000909,Savings,7287.19,2020-12-24,False,Active
ACC_00001350,CUST_000910,Savings,1525.32,2024-04-17,False,Active
ACC_00001351,CUST_000910,Savings,1037.28,2024-03-14,True,Inactive
ACC_00001352,CUST_000911,Savings,224.49,2021-10-16,False,Active
ACC_00001353,CUST_000911,Savings,1397.53,2022-01-30,False,Active
ACC_00001354,CUST_000912,Investment,220.46,2021-03-10,False,Active
ACC_00001355,CUST_000913,Checking,422.57,2022-02-24,False,Active
ACC_00001356,CUST_000913,Investment,979.0,2022-07-13,False,Active
ACC_00001357,CUST_000913,Checking,97.51,2022-07-26,False,Active
ACC_00001358,CUST_000914,Savings,12233.02,2024-11-15,False,Suspended
ACC_00001359,CUST_000914,Checking,3249.67,2025-02-19,False,Active
ACC_00001360,CUST_000915,Savings,2361.13,2024-12-14,False,Active
ACC_00001361,CUST_000916,Savings,3795.96,2024-05-05,False,Active
ACC_00001362,CUST_000916,Savings,3664.11,2024-07-22,False,Active
ACC_00001363,CUST_000916,Checking,3399.37,2024-02-19,False,Active
ACC_00001364,CUST_000917,Checking,251.25,2025-03-28,True,Inactive
ACC_00001365,CUST_000918,Checking,3052.51,2023-06-08,False,Active
ACC_00001366,CUST_000919,Savings,2766.88,2024-01-21,False,Active
ACC_00001367,CUST_000919,Checking,797.73,2023-10-06,False,Active
ACC_00001368,CUST_000920,Savings,16397.13,2024-06-21,False,Active
ACC_00001369,CUST_000920,Investment,1154.84,2024-05-18,False,Active
ACC_00001370,CUST_000920,Savings,11524.68,2024-06-10,True,Inactive
ACC_00001371,CUST_000921,Savings,1113.75,2023-07-11,False,Active
ACC_00001372,CUST_000922,Savings,13.18,2021-05-28,False,Active
ACC_00001373,CUST_000923,Checking,1095.52,2022-01-30,False,Active
ACC_00001374,CUST_000924,Savings,4959.3,2021-11-25,False,Active
ACC_00001375,CUST_000924,Checking,2663.12,2022-01-30,False,Active
ACC_00001376,CUST_000925,Checking,280.54,2021-01-09,True,Inactive
ACC_00001377,CUST_000926,Savings,7637.77,2022-08-15,False,Active
ACC_00001378,CUST_000926,Checking,1945.52,2022-08-12,False,Active
ACC_00001379,CUST_000927,Checking,2304.18,2021-10-20,False,Active
ACC_00001380,CUST_000928,Checking,5347.86,2020-12-22,False,Active
ACC_00001381,CUST_000928,Savings,7315.18,2021-01-17,False,Active
ACC_00001382,CUST_000929,Savings,4284.45,2022-05-24,True,Inactive
ACC_00001383,CUST_000929,Investment,5893.02,2022-05-31,False,Active
ACC_00001384,CUST_000929,Savings,7041.29,2022-09-09,False,Active
ACC_00001385,CUST_000930,Savings,2735.52,2021-04-06,False,Active
ACC_00001386,CUST_000931,Savings,2640.45,2022-09-08,False,Active
ACC_00001387,CUST_000932,Investment,1563.34,2025-02-16,False,Active
ACC_00001388,CUST_000932,Savings,5.66,2025-02-05,False,Active
ACC_00001389,CUST_000933,Savings,6224.48,2022-01-11,False,Active
ACC_00001390,CUST_000934,Investment,3073.15,2023-02-08,True,Inactive
ACC_00001391,CUST_000935,Checking,3118.19,2024-09-15,False,Suspended
ACC_00001392,CUST_000935,Checking,240.06,2024-09-22,True,Inactive
ACC_00001393,CUST_000936,Savings,10510.68,2025-05-29,False,Active
ACC_00001394,CUST_000937,Savings,5058.13,2022-06-17,False,Active
ACC_00001395,CUST_000938,Investment,4276.97,2021-11-01,False,Active
ACC_00001396,CUST_000938,Savings,1432.91,2021-06-10,False,Suspended
ACC_00001397,CUST_000938,Savings,75.31,2021-07-17,False,Active
ACC_00001398,CUST_000939,Investment,3095.28,2023-09-01,False,Active
ACC_00001399,CUST_000940,Savings,9418.44,2024-12-03,False,Active
ACC_00001400,CUST_000941,Investment,1499.7,2022-04-11,False,Active
ACC_00001401,CUST_000942,Savings,4111.04,2024-12-17,False,Active
ACC_00001402,CUST_000943,Checking,2190.29,2024-07-25,False,Active
ACC_00001403,CUST_000944,Savings,1699.27,2021-02-09,False,Active
ACC_00001404,CUST_000945,Savings,4570.21,2021-09-09,False,Active
ACC_00001405,CUST_000946,Checking,3455.03,2022-04-29,False,Suspended
ACC_00001406,CUST_000946,Savings,5594.97,2022-02-17,False,Active
ACC_00001407,CUST_000947,Checking,176.07,2021-12-23,False,Active
ACC_00001408,CUST_000948,Investment,1703.24,2024-06-28,False,Active
ACC_00001409,CUST_000948,Savings,2334.1,2024-07-23,False,Suspended
ACC_00001410,CUST_000949,Investment,4821.94,2025-01-27,False,Active
ACC_00001411,CUST_000950,Investment,203.96,2025-01-27,False,Suspended
ACC_00001412,CUST_000951,Savings,149.94,2021-02-09,False,Active
ACC_00001413,CUST_000952,Checking,2026.39,2024-09-14,True,Inactive
ACC_00001414,CUST_000953,Investment,3606.4,2026-01-17,False,Active
ACC_00001415,CUST_000954,Checking,6101.03,2022-10-11,False,Active
ACC_00001416,CUST_000954,Checking,2260.83,2023-01-29,True,Inactive
ACC_00001417,CUST_000954,Savings,5413.77,2023-02-06,False,Active
ACC_00001418,CUST_000955,Checking,1160.17,2022-08-25,False,Active
ACC_00001419,CUST_000956,Checking,1169.84,2023-05-07,False,Active
ACC_00001420,CUST_000957,Savings,4434.71,2025-12-17,False,Active
ACC_00001421,CUST_000957,Savings,2250.47,2025-10-18,False,Active
ACC_00001422,CUST_000958,Savings,344.76,2024-06-07,False,Suspended
ACC_00001423,CUST_000958,Checking,3702.39,2024-03-26,False,Active
ACC_00001424,CUST_000959,Checking,873.62,2021-04-18,False,Active
ACC_00001425,CUST_000959,Investment,1874.08,2021-07-06,False,Active
ACC_00001426,CUST_000959,Savings,8459.23,2021-05-25,False,Suspended
ACC_00001427,CUST_000960,Investment,3603.91,2023-07-06,False,Suspended
ACC_00001428,CUST_000961,Savings,2339.16,2020-10-18,False,Suspended
ACC_00001429,CUST_000962,Investment,762.74,2021-10-13,False,Active
ACC_00001430,CUST_000962,Checking,4344.41,2021-11-12,False,Active
ACC_00001431,CUST_000963,Checking,1078.57,2024-06-16,False,Active
ACC_00001432,CUST_000964,Savings,144.67,2024-03-10,False,Active
ACC_00001433,CUST_000965,Checking,654.47,2025-04-05,False,Active
ACC_00001434,CUST_000966,Checking,5502.38,2025-08-16,False,Active
ACC_00001435,CUST_000966,Savings,4135.81,2025-07-29,False,Suspended
ACC_00001436,CUST_000966,Savings,1780.47,2025-10-24,False,Active
ACC_00001437,CUST_000967,Savings,7076.57,2025-05-11,False,Active
ACC_00001438,CUST_000968,Savings,3587.52,2023-07-22,False,Active
ACC_00001439,CUST_000968,Checking,1496.34,2023-07-03,False,Active
ACC_00001440,CUST_000969,Checking,2426.64,2021-06-03,False,Active
ACC_00001441,CUST_000970,Checking,4489.66,2025-03-07,False,Active
ACC_00001442,CUST_000970,Savings,2054.92,2025-03-22,False,Active
ACC_00001443,CUST_000971,Checking,1628.15,2024-02-05,False,Active
ACC_00001444,CUST_000971,Checking,2518.79,2024-01-30,True,Inactive
ACC_00001445,CUST_000971,Savings,5252.69,2024-02-20,False,Active
ACC_00001446,CUST_000972,Checking,965.2,2024-12-20,False,Active
ACC_00001447,CUST_000972,Savings,3799.06,2024-10-30,False,Suspended
ACC_00001448,CUST_000973,Checking,503.61,2025-01-22,False,Active
ACC_00001449,CUST_000974,Savings,182.02,2025-01-07,True,Inactive
ACC_00001450,CUST_000975,Savings,5527.49,2023-01-16,False,Active
ACC_00001451,CUST_000975,Investment,2297.82,2022-10-04,True,Inactive
ACC_00001452,CUST_000976,Savings,9080.16,2021-04-20,False,Active
ACC_00001453,CUST_000976,Investment,528.81,2021-08-11,False,Active
ACC_00001454,CUST_000977,Checking,3513.37,2025-04-02,False,Active
ACC_00001455,CUST_000978,Savings,12926.25,2021-04-07,False,Active
ACC_00001456,CUST_000979,Checking,3858.54,2024-05-13,False,Active
ACC_00001457,CUST_000979,Savings,1644.02,2024-05-13,False,Active
ACC_00001458,CUST_000980,Savings,2847.45,2025-10-21,False,Active
ACC_00001459,CUST_000981,Savings,12353.65,2023-09-01,False,Active
ACC_00001460,CUST_000982,Checking,1239.18,2025-08-05,False,Active
ACC_00001461,CUST_000983,Savings,4926.11,2021-08-19,False,Active
ACC_00001462,CUST_000983,Checking,576.55,2021-06-30,False,Active
ACC_00001463,CUST_000984,Checking,374.01,2023-03-14,False,Active
ACC_00001464,CUST_000984,Checking,2278.73,2023-01-16,False,Active
ACC_00001465,CUST_000985,Checking,561.65,2024-04-26,False,Active
ACC_00001466,CUST_000985,Savings,1939.08,2024-08-23,False,Active
ACC_00001467,CUST_000985,Checking,1300.55,2024-08-05,False,Active
ACC_00001468,CUST_000986,Checking,7500.66,2025-02-01,False,Active
ACC_00001469,CUST_000986,Checking,191.36,2024-09-20,False,Active
ACC_00001470,CUST_000987,Checking,1993.76,2021-08-19,False,Active
ACC_00001471,CUST_000987,Savings,1517.38,2021-09-23,False,Active
ACC_00001472,CUST_000988,Investment,175.14,2025-03-29,False,Active
ACC_00001473,CUST_000989,Savings,3526.47,2023-11-16,False,Active
ACC_00001474,CUST_000990,Savings,7739.97,2024-06-24,False,Suspended
ACC_00001475,CUST_000990,Savings,13028.1,2024-07-25,False,Suspended
ACC_00001476,CUST_000990,Savings,4432.27,2024-07-03,False,Active
ACC_00001477,CUST_000991,Savings,3612.67,2024-06-19,False,Active
ACC_00001478,CUST_000992,Savings,2537.1,2021-03-11,False,Active
ACC_00001479,CUST_000993,Investment,185.62,2022-06-06,True,Inactive
ACC_00001480,CUST_000994,Savings,4628.26,2023-05-02,False,Suspended
ACC_00001481,CUST_000995,Checking,2200.51,2022-09-16,True,Inactive
ACC_00001482,CUST_000996,Savings,4826.0,2024-10-08,True,Inactive
ACC_00001483,CUST_000997,Checking,1720.96,2023-09-14,False,Active
ACC_00001484,CUST_000997,Savings,232.77,2023-07-30,False,Active
ACC_00001485,CUST_000998,Savings,404.05,2024-07-11,False,Suspended
ACC_00001486,CUST_000999,Investment,740.63,2022-12-28,False,Suspended
ACC_00001487,CUST_001000,Savings,14093.1,2025-01-06,False,Active
